Customer,time,Feature
ABB24704908,2025-06-30 21:52:31.0,6.0
ABB24704908,2025-06-30 22:22:38.0,7.0
ABB24704908,2025-06-30 22:52:42.0,5.0
ABB24704908,2025-06-30 23:52:27.0,7.0
ABB24704908,2025-07-01 00:22:29.0,7.0
ABB24704908,2025-07-01 00:52:30.0,7.0
ABB24704908,2025-07-01 01:22:30.0,7.0
ABB24704908,2025-07-01 01:52:29.0,8.0
ABB24704908,2025-07-01 02:22:31.0,8.0
ABB24704908,2025-07-01 03:22:28.0,7.0
ABB24704908,2025-07-01 03:52:28.0,8.0
ABB24704908,2025-07-01 04:22:30.0,8.0
ABB24704908,2025-07-01 04:52:29.0,7.0
ABB24704908,2025-07-01 05:52:31.0,7.0
ABB24704908,2025-07-01 06:22:31.0,7.0
ABB24704908,2025-07-01 06:52:31.0,8.0
ABB24704908,2025-07-01 07:22:31.0,7.0
ABB24704908,2025-07-01 07:52:31.0,7.0
ABB24704908,2025-07-01 08:22:31.0,7.0
ABB24704908,2025-07-01 08:52:31.0,7.0
ABB24704908,2025-07-01 09:22:31.0,7.0
ABB24704908,2025-07-01 09:52:30.0,7.0
ABB24704908,2025-07-01 10:22:31.0,7.0
ABB24704908,2025-07-01 10:52:30.0,6.0
ABB24704908,2025-07-01 11:22:31.0,7.0
ABB24704908,2025-07-01 11:52:32.0,6.0
ABB24704908,2025-07-01 12:22:32.0,7.0
ABB24704908,2025-07-01 12:52:32.0,5.0
ABB24704908,2025-07-01 13:22:41.0,6.0
ABB24704908,2025-07-01 13:52:32.0,6.0
ABB24704908,2025-07-01 14:22:35.0,6.0
ABB24704908,2025-07-01 14:52:32.0,6.0
ABB24704908,2025-07-01 15:22:32.0,5.0
ABB24704908,2025-07-01 15:52:31.0,6.0
ABB24704908,2025-07-01 16:22:35.0,5.0
ABB24704908,2025-07-01 16:52:40.0,5.0
ABB24704908,2025-07-01 17:22:33.0,5.0
ABB24704908,2025-07-01 17:52:34.0,5.0
ABB24704908,2025-07-01 18:22:43.0,5.0
ABB24704908,2025-07-01 18:52:41.0,5.0
ABB24704908,2025-07-01 19:22:46.0,6.0
ABB24704908,2025-07-01 19:56:15.0,6.0
ABB24704908,2025-07-01 20:22:46.0,6.0
ABB24704908,2025-07-01 20:56:07.0,7.0
ABB24704908,2025-07-01 21:22:48.0,6.0
ABB24704908,2025-07-01 22:22:36.0,5.0
ABB24704908,2025-07-01 22:52:37.0,6.0
ABB24704908,2025-07-01 23:22:34.0,6.0
ABB24704908,2025-07-01 23:52:34.0,6.0
ABB24704908,2025-07-02 00:22:34.0,6.0
ABB24704908,2025-07-02 00:52:35.0,5.0
ABB24704908,2025-07-02 01:52:37.0,6.0
ABB24704908,2025-07-02 02:22:35.0,7.0
ABB24704908,2025-07-02 02:52:35.0,7.0
ABB24704908,2025-07-02 03:22:34.0,7.0
ABB24704908,2025-07-02 03:52:34.0,6.0
ABB24704908,2025-07-02 04:22:34.0,7.0
ABB24704908,2025-07-02 04:52:34.0,7.0
ABB24704908,2025-07-02 05:22:34.0,7.0
ABB24704908,2025-07-02 05:52:34.0,7.0
ABB24704908,2025-07-02 06:22:34.0,7.0
ABB24704908,2025-07-02 06:52:34.0,7.0
ABB24704908,2025-07-02 07:22:34.0,7.0
ABB24704908,2025-07-02 07:52:35.0,7.0
ABB24704908,2025-07-02 08:22:34.0,7.0
ABB24704908,2025-07-02 08:52:35.0,5.0
ABB24704908,2025-07-02 09:22:36.0,7.0
ABB24704908,2025-07-02 09:52:36.0,5.0
ABB24704908,2025-07-02 10:22:36.0,5.0
ABB24704908,2025-07-02 10:52:35.0,7.0
ABB24704908,2025-07-02 11:22:34.0,6.0
ABB24704908,2025-07-02 11:52:36.0,4.0
ABB24704908,2025-07-02 12:22:36.0,6.0
ABB24704908,2025-07-02 12:52:37.0,5.0
ABB24704908,2025-07-02 13:22:36.0,5.0
ABB24704908,2025-07-02 13:52:36.0,5.0
ABB24704908,2025-07-02 14:22:35.0,6.0
ABB24704908,2025-07-02 14:52:35.0,6.0
ABB24704908,2025-07-02 15:22:44.0,5.0
ABB24704908,2025-07-02 15:52:38.0,5.0
ABB24704908,2025-07-02 16:22:39.0,4.0
ABB24704908,2025-07-02 16:52:35.0,5.0
ABB24704908,2025-07-02 17:25:15.0,5.0
ABB24704908,2025-07-02 17:52:36.0,5.0
ABB24704908,2025-07-02 18:22:36.0,6.0
ABB24704908,2025-07-02 18:54:49.0,6.0
ABB24704908,2025-07-02 19:22:50.0,6.0
ABB24704908,2025-07-02 19:53:01.0,6.0
ABB24704908,2025-07-02 20:22:43.0,6.0
ABB24704908,2025-07-02 20:52:46.0,6.0
ABB24704908,2025-07-02 21:22:58.0,6.0
ABB24704908,2025-07-02 21:52:56.0,6.0
ABB24704908,2025-07-02 22:23:51.0,7.0
ABB24704908,2025-07-02 22:52:45.0,6.0
ABB24704908,2025-07-02 23:22:44.0,6.0
ABB24704908,2025-07-02 23:52:44.0,6.0
ABB24704908,2025-07-03 00:03:17.0,5.0
ABB24704908,2025-07-03 00:08:21.0,6.0
ABB24704908,2025-07-03 00:13:27.0,6.0
ABB24704908,2025-07-03 00:18:32.0,6.0
ABB24704908,2025-07-03 00:23:37.0,6.0
ABB24704908,2025-07-03 00:28:42.0,6.0
ABB24704908,2025-07-03 00:33:47.0,7.0
ABB24704908,2025-07-03 00:38:51.0,7.0
ABB24704908,2025-07-03 00:43:57.0,7.0
ABB24704908,2025-07-03 00:49:01.0,7.0
ABB24704908,2025-07-03 00:54:07.0,0.0
ABB24704908,2025-07-03 00:59:11.0,7.0
ABB24704908,2025-07-03 01:04:17.0,6.0
ABB24704908,2025-07-03 01:09:22.0,6.0
ABB24704908,2025-07-03 01:14:26.0,6.0
ABB24704908,2025-07-03 01:19:31.0,6.0
ABB24704908,2025-07-03 01:24:36.0,7.0
ABB24704908,2025-07-03 01:29:41.0,7.0
ABB24704908,2025-07-03 01:34:46.0,6.0
ABB24704908,2025-07-03 01:39:52.0,6.0
ABB24704908,2025-07-03 01:44:56.0,6.0
ABB24704908,2025-07-03 01:50:02.0,6.0
ABB24704908,2025-07-03 01:55:07.0,6.0
ABB24704908,2025-07-03 02:00:11.0,6.0
ABB24704908,2025-07-03 02:05:16.0,6.0
ABB24704908,2025-07-03 02:10:21.0,6.0
ABB24704908,2025-07-03 02:15:27.0,6.0
ABB24704908,2025-07-03 02:20:31.0,6.0
ABB24704908,2025-07-03 02:25:37.0,6.0
ABB24704908,2025-07-03 02:30:41.0,6.0
ABB24704908,2025-07-03 02:35:47.0,7.0
ABB24704908,2025-07-03 02:40:52.0,7.0
ABB24704908,2025-07-03 02:45:58.0,7.0
ABB24704908,2025-07-03 02:51:02.0,7.0
ABB24704908,2025-07-03 02:56:08.0,7.0
ABB24704908,2025-07-03 03:01:13.0,7.0
ABB24704908,2025-07-03 03:06:17.0,7.0
ABB24704908,2025-07-03 03:11:22.0,7.0
ABB24704908,2025-07-03 03:16:27.0,6.0
ABB24704908,2025-07-03 03:21:32.0,6.0
ABB24704908,2025-07-03 03:26:37.0,6.0
ABB24704908,2025-07-03 03:31:42.0,6.0
ABB24704908,2025-07-03 03:36:47.0,7.0
ABB24704908,2025-07-03 03:41:52.0,7.0
ABB24704908,2025-07-03 03:46:58.0,6.0
ABB24704908,2025-07-03 03:52:03.0,6.0
ABB24704908,2025-07-03 03:57:07.0,7.0
ABB24704908,2025-07-03 04:02:12.0,7.0
ABB24704908,2025-07-03 04:07:17.0,6.0
ABB24704908,2025-07-03 04:12:22.0,7.0
ABB24704908,2025-07-03 04:17:28.0,7.0
ABB24704908,2025-07-03 04:22:32.0,6.0
ABB24704908,2025-07-03 04:27:38.0,7.0
ABB24704908,2025-07-03 04:32:42.0,6.0
ABB24704908,2025-07-03 04:37:48.0,6.0
ABB24704908,2025-07-03 04:42:52.0,7.0
ABB24704908,2025-07-03 04:47:58.0,6.0
ABB24704908,2025-07-03 04:53:02.0,6.0
ABB24704908,2025-07-03 04:58:07.0,7.0
ABB24704908,2025-07-03 05:03:12.0,6.0
ABB24704908,2025-07-03 05:08:17.0,6.0
ABB24704908,2025-07-03 05:13:22.0,6.0
ABB24704908,2025-07-03 05:18:27.0,7.0
ABB24704908,2025-07-03 05:23:32.0,6.0
ABB24704908,2025-07-03 05:28:38.0,6.0
ABB24704908,2025-07-03 05:33:44.0,6.0
ABB24704908,2025-07-03 05:38:48.0,7.0
ABB24704908,2025-07-03 05:43:54.0,6.0
ABB24704908,2025-07-03 05:48:58.0,6.0
ABB24704908,2025-07-03 05:54:04.0,6.0
ABB24704908,2025-07-03 05:59:08.0,7.0
ABB24704908,2025-07-03 06:04:08.0,7.0
ABB24704908,2025-07-03 06:09:08.0,7.0
ABB24704908,2025-07-03 06:14:09.0,6.0
ABB24704908,2025-07-03 06:19:10.0,6.0
ABB24704908,2025-07-03 06:24:08.0,6.0
ABB24704908,2025-07-03 06:29:09.0,6.0
ABB24704908,2025-07-03 06:34:08.0,7.0
ABB24704908,2025-07-03 06:39:09.0,7.0
ABB24704908,2025-07-03 06:44:09.0,6.0
ABB24704908,2025-07-03 06:49:09.0,6.0
ABB24704908,2025-07-03 06:54:09.0,6.0
ABB24704908,2025-07-03 06:59:09.0,6.0
ABB24704908,2025-07-03 07:04:13.0,6.0
ABB24704908,2025-07-03 07:09:09.0,6.0
ABB24704908,2025-07-03 07:14:10.0,6.0
ABB24704908,2025-07-03 07:19:10.0,6.0
ABB24704908,2025-07-03 07:24:09.0,6.0
ABB24704908,2025-07-03 07:29:10.0,6.0
ABB24704908,2025-07-03 07:34:10.0,7.0
ABB24704908,2025-07-03 07:39:09.0,7.0
ABB24704908,2025-07-03 07:44:09.0,7.0
ABB24704908,2025-07-03 07:49:09.0,5.0
ABB24704908,2025-07-03 07:54:09.0,6.0
ABB24704908,2025-07-03 07:59:09.0,7.0
ABB24704908,2025-07-03 08:04:09.0,7.0
ABB24704908,2025-07-03 08:09:09.0,7.0
ABB24704908,2025-07-03 08:14:10.0,7.0
ABB24704908,2025-07-03 08:19:09.0,7.0
ABB24704908,2025-07-03 08:24:09.0,7.0
ABB24704908,2025-07-03 08:29:09.0,7.0
ABB24704908,2025-07-03 08:34:10.0,8.0
ABB24704908,2025-07-03 08:39:10.0,7.0
ABB24704908,2025-07-03 08:44:11.0,7.0
ABB24704908,2025-07-03 08:49:10.0,7.0
ABB24704908,2025-07-03 08:54:11.0,7.0
ABB24704908,2025-07-03 08:59:13.0,7.0
ABB24704908,2025-07-03 09:04:11.0,7.0
ABB24704908,2025-07-03 09:09:11.0,7.0
ABB24704908,2025-07-03 09:14:15.0,7.0
ABB24704908,2025-07-03 09:19:11.0,7.0
ABB24704908,2025-07-03 09:24:15.0,6.0
ABB24704908,2025-07-03 09:29:12.0,6.0
ABB24704908,2025-07-03 09:34:13.0,7.0
ABB24704908,2025-07-03 09:39:12.0,6.0
ABB24704908,2025-07-03 09:44:12.0,8.0
ABB24704908,2025-07-03 09:49:12.0,7.0
ABB24704908,2025-07-03 09:54:12.0,5.0
ABB24704908,2025-07-03 09:59:12.0,7.0
ABB24704908,2025-07-03 10:04:12.0,8.0
ABB24704908,2025-07-03 10:09:15.0,7.0
ABB24704908,2025-07-03 10:14:14.0,8.0
ABB24704908,2025-07-03 10:19:13.0,7.0
ABB24704908,2025-07-03 10:24:12.0,6.0
ABB24704908,2025-07-03 10:29:13.0,7.0
ABB24704908,2025-07-03 10:34:13.0,7.0
ABB24704908,2025-07-03 10:39:15.0,7.0
ABB24704908,2025-07-03 10:44:14.0,5.0
ABB24704908,2025-07-03 10:49:15.0,7.0
ABB24704908,2025-07-03 10:54:15.0,5.0
ABB24704908,2025-07-03 10:59:17.0,7.0
ABB24704908,2025-07-03 11:04:15.0,6.0
ABB24704908,2025-07-03 11:09:16.0,7.0
ABB24704908,2025-07-03 11:14:15.0,6.0
ABB24704908,2025-07-03 11:19:15.0,7.0
ABB24704908,2025-07-03 11:24:14.0,7.0
ABB24704908,2025-07-03 11:29:15.0,7.0
ABB24704908,2025-07-03 11:34:15.0,7.0
ABB24704908,2025-07-03 11:39:15.0,7.0
ABB24704908,2025-07-03 11:44:17.0,7.0
ABB24704908,2025-07-03 11:49:17.0,6.0
ABB24704908,2025-07-03 11:54:16.0,6.0
ABB24704908,2025-07-03 11:59:16.0,7.0
ABB24704908,2025-07-03 12:04:17.0,7.0
ABB24704908,2025-07-03 12:09:16.0,7.0
ABB24704908,2025-07-03 12:14:16.0,7.0
ABB24704908,2025-07-03 12:19:16.0,6.0
ABB24704908,2025-07-03 12:24:15.0,7.0
ABB24704908,2025-07-03 12:29:17.0,7.0
ABB24704908,2025-07-03 12:34:16.0,6.0
ABB24704908,2025-07-03 12:39:17.0,7.0
ABB24704908,2025-07-03 12:44:17.0,6.0
ABB24704908,2025-07-03 12:49:17.0,6.0
ABB24704908,2025-07-03 12:54:18.0,6.0
ABB24704908,2025-07-03 12:59:17.0,6.0
ABB24704908,2025-07-03 13:04:17.0,7.0
ABB24704908,2025-07-03 13:09:17.0,7.0
ABB24704908,2025-07-03 13:14:17.0,7.0
ABB24704908,2025-07-03 13:19:18.0,7.0
ABB24704908,2025-07-03 13:24:24.0,7.0
ABB24704908,2025-07-03 13:29:17.0,6.0
ABB24704908,2025-07-03 13:34:17.0,6.0
ABB24704908,2025-07-03 13:39:17.0,5.0
ABB24704908,2025-07-03 13:44:18.0,7.0
ABB24704908,2025-07-03 13:49:19.0,6.0
ABB24704908,2025-07-03 13:55:01.0,7.0
ABB24704908,2025-07-03 13:59:18.0,6.0
ABB24704908,2025-07-03 14:04:17.0,6.0
ABB24704908,2025-07-03 14:09:19.0,6.0
ABB24704908,2025-07-03 14:14:17.0,6.0
ABB24704908,2025-07-03 14:19:18.0,4.0
ABB24704908,2025-07-03 14:24:19.0,7.0
ABB24704908,2025-07-03 14:29:18.0,6.0
ABB24704908,2025-07-03 14:34:21.0,6.0
ABB24704908,2025-07-03 14:39:20.0,6.0
ABB24704908,2025-07-03 14:44:20.0,5.0
ABB24704908,2025-07-03 14:49:20.0,7.0
ABB24704908,2025-07-03 14:54:21.0,7.0
ABB24704908,2025-07-03 14:59:21.0,6.0
ABB24704908,2025-07-03 15:04:27.0,5.0
ABB24704908,2025-07-03 15:09:20.0,6.0
ABB24704908,2025-07-03 15:14:20.0,6.0
ABB24704908,2025-07-03 15:19:25.0,5.0
ABB24704908,2025-07-03 15:24:26.0,6.0
ABB24704908,2025-07-03 15:29:25.0,6.0
ABB24704908,2025-07-03 15:34:27.0,6.0
ABB24704908,2025-07-03 15:39:25.0,5.0
ABB24704908,2025-07-03 15:44:27.0,6.0
ABB24704908,2025-07-03 15:49:27.0,6.0
ABB24704908,2025-07-03 15:54:27.0,6.0
ABB24704908,2025-07-03 15:59:26.0,5.0
ABB24704908,2025-07-03 16:19:26.0,6.0
ABB24704908,2025-07-03 16:24:27.0,5.0
ABB24704908,2025-07-03 16:29:26.0,6.0
ABB24704908,2025-07-03 16:34:27.0,7.0
ABB24704908,2025-07-03 16:39:35.0,6.0
ABB24704908,2025-07-03 16:44:26.0,6.0
ABB24704908,2025-07-03 16:49:27.0,6.0
ABB24704908,2025-07-03 16:54:27.0,6.0
ABB24704908,2025-07-03 16:59:27.0,5.0
ABB24704908,2025-07-03 18:04:32.0,6.0
ABB24704908,2025-07-03 18:11:25.0,5.0
ABB24704908,2025-07-03 18:14:40.0,5.0
ABB24704908,2025-07-03 18:19:41.0,6.0
ABB24704908,2025-07-03 18:25:00.0,6.0
ABB24704908,2025-07-03 18:29:45.0,6.0
ABB24704908,2025-07-03 18:35:13.0,6.0
ABB24704908,2025-07-03 18:39:44.0,6.0
ABB24704908,2025-07-03 18:44:43.0,6.0
ABB24704908,2025-07-03 18:50:02.0,6.0
ABB24704908,2025-07-03 18:54:42.0,5.0
ABB24704908,2025-07-03 18:59:42.0,6.0
ABB24704908,2025-07-03 19:04:48.0,6.0
ABB24704908,2025-07-03 19:09:53.0,5.0
ABB24704908,2025-07-03 19:14:41.0,6.0
ABB24704908,2025-07-03 19:19:50.0,6.0
ABB24704908,2025-07-03 19:24:42.0,5.0
ABB24704908,2025-07-03 19:30:12.0,6.0
ABB24704908,2025-07-03 19:34:50.0,6.0
ABB24704908,2025-07-03 19:39:42.0,6.0
ABB24704908,2025-07-03 19:49:01.0,7.0
ABB24704908,2025-07-03 19:51:14.0,-3.0
ABB24704908,2025-07-03 19:54:54.0,6.0
ABB24704908,2025-07-03 19:59:55.0,6.0
ABB24704908,2025-07-03 20:05:27.0,6.0
ABB24704908,2025-07-03 20:09:52.0,6.0
ABB24704908,2025-07-03 20:14:43.0,7.0
ABB24704908,2025-07-03 20:19:54.0,6.0
ABB24704908,2025-07-03 20:24:46.0,6.0
ABB24704908,2025-07-03 20:29:43.0,6.0
ABB24704908,2025-07-03 20:34:52.0,6.0
ABB24704908,2025-07-03 20:39:43.0,7.0
ABB24704908,2025-07-03 20:44:52.0,5.0
ABB24704908,2025-07-03 20:49:46.0,7.0
ABB24704908,2025-07-03 20:55:22.0,6.0
ABB24704908,2025-07-03 21:00:04.0,7.0
ABB24704908,2025-07-03 21:04:44.0,6.0
ABB24704908,2025-07-03 21:09:55.0,6.0
ABB24704908,2025-07-03 21:17:47.0,6.0
ABB24704908,2025-07-03 21:20:53.0,7.0
ABB24704908,2025-07-03 21:24:44.0,7.0
ABB24704908,2025-07-03 21:29:44.0,7.0
ABB24704908,2025-07-03 21:34:53.0,6.0
ABB24704908,2025-07-03 21:39:53.0,7.0
ABB24704908,2025-07-03 21:44:47.0,-3.0
ABB24704908,2025-07-03 21:50:02.0,7.0
ABB24704908,2025-07-03 21:54:50.0,7.0
ABB24704908,2025-07-03 21:59:45.0,7.0
ABB24704908,2025-07-03 22:07:02.0,6.0
ABB24704908,2025-07-03 22:09:45.0,6.0
ABB24704908,2025-07-03 22:14:46.0,7.0
ABB24704908,2025-07-03 22:19:44.0,7.0
ABB24704908,2025-07-03 22:24:52.0,-4.0
ABB24704908,2025-07-03 22:29:59.0,-4.0
ABB24704908,2025-07-03 22:34:44.0,7.0
ABB24704908,2025-07-03 22:39:55.0,-3.0
ABB24704908,2025-07-03 22:44:44.0,-3.0
ABB24704908,2025-07-03 22:49:46.0,-3.0
ABB24704908,2025-07-03 22:54:46.0,7.0
ABB24704908,2025-07-03 23:00:24.0,6.0
ABB24704908,2025-07-03 23:04:46.0,-3.0
ABB24704908,2025-07-03 23:09:45.0,6.0
ABB24704908,2025-07-03 23:14:45.0,7.0
ABB24704908,2025-07-03 23:19:46.0,6.0
ABB24704908,2025-07-03 23:24:46.0,-3.0
ABB24704908,2025-07-03 23:29:46.0,5.0
ABB24704908,2025-07-03 23:34:46.0,-3.0
ABB24704908,2025-07-03 23:39:46.0,-3.0
ABB24704908,2025-07-03 23:44:47.0,-3.0
ABB24704908,2025-07-03 23:49:47.0,-3.0
ABB24704908,2025-07-03 23:54:46.0,7.0
ABB24704908,2025-07-03 23:59:47.0,-2.0
ABB24704908,2025-07-04 00:04:51.0,7.0
ABB24704908,2025-07-04 00:09:56.0,8.0
ABB24704908,2025-07-04 00:15:01.0,7.0
ABB24704908,2025-07-04 00:20:07.0,7.0
ABB24704908,2025-07-04 00:25:11.0,6.0
ABB24704908,2025-07-04 00:30:18.0,7.0
ABB24704908,2025-07-04 00:35:21.0,7.0
ABB24704908,2025-07-04 00:40:27.0,7.0
ABB24704908,2025-07-04 00:45:31.0,6.0
ABB24704908,2025-07-04 00:50:37.0,7.0
ABB24704908,2025-07-04 00:55:42.0,7.0
ABB24704908,2025-07-04 01:00:46.0,7.0
ABB24704908,2025-07-04 01:05:52.0,7.0
ABB24704908,2025-07-04 01:10:57.0,7.0
ABB24704908,2025-07-04 01:16:01.0,7.0
ABB24704908,2025-07-04 01:21:07.0,7.0
ABB24704908,2025-07-04 01:26:12.0,7.0
ABB24704908,2025-07-04 01:31:17.0,7.0
ABB24704908,2025-07-04 01:36:22.0,8.0
ABB24704908,2025-07-04 01:41:26.0,7.0
ABB24704908,2025-07-04 01:46:33.0,7.0
ABB24704908,2025-07-04 01:51:37.0,7.0
ABB24704908,2025-07-04 01:56:42.0,7.0
ABB24704908,2025-07-04 02:01:47.0,-2.0
ABB24704908,2025-07-04 02:06:51.0,7.0
ABB24704908,2025-07-04 02:11:56.0,7.0
ABB24704908,2025-07-04 02:17:02.0,7.0
ABB24704908,2025-07-04 02:22:07.0,7.0
ABB24704908,2025-07-04 02:27:12.0,7.0
ABB24704908,2025-07-04 02:32:17.0,7.0
ABB24704908,2025-07-04 02:37:22.0,7.0
ABB24704908,2025-07-04 02:42:27.0,7.0
ABB24704908,2025-07-04 02:47:32.0,7.0
ABB24704908,2025-07-04 02:52:36.0,6.0
ABB24704908,2025-07-04 02:57:42.0,7.0
ABB24704908,2025-07-04 03:02:47.0,6.0
ABB24704908,2025-07-04 03:07:52.0,7.0
ABB24704908,2025-07-04 03:12:57.0,6.0
ABB24704908,2025-07-04 03:18:02.0,7.0
ABB24704908,2025-07-04 03:23:06.0,6.0
ABB24704908,2025-07-04 03:28:11.0,7.0
ABB24704908,2025-07-04 03:33:16.0,6.0
ABB24704908,2025-07-04 03:38:21.0,7.0
ABB24704908,2025-07-04 03:43:26.0,7.0
ABB24704908,2025-07-04 03:48:31.0,7.0
ABB24704908,2025-07-04 03:53:37.0,7.0
ABB24704908,2025-07-04 03:58:42.0,7.0
ABB24704908,2025-07-04 04:03:47.0,7.0
ABB24704908,2025-07-04 04:08:52.0,7.0
ABB24704908,2025-07-04 04:13:56.0,7.0
ABB24704908,2025-07-04 04:19:01.0,8.0
ABB24704908,2025-07-04 04:24:06.0,7.0
ABB24704908,2025-07-04 04:29:11.0,7.0
ABB24704908,2025-07-04 04:34:17.0,7.0
ABB24704908,2025-07-04 04:39:22.0,7.0
ABB24704908,2025-07-04 04:44:26.0,6.0
ABB24704908,2025-07-04 04:49:32.0,7.0
ABB24704908,2025-07-04 04:54:38.0,7.0
ABB24704908,2025-07-04 04:59:43.0,7.0
ABB24704908,2025-07-04 05:04:47.0,7.0
ABB24704908,2025-07-04 05:09:53.0,7.0
ABB24704908,2025-07-04 05:14:58.0,7.0
ABB24704908,2025-07-04 05:20:03.0,7.0
ABB24704908,2025-07-04 05:25:07.0,7.0
ABB24704908,2025-07-04 05:30:12.0,7.0
ABB24704908,2025-07-04 05:35:17.0,7.0
ABB24704908,2025-07-04 05:40:23.0,7.0
ABB24704908,2025-07-04 05:45:28.0,7.0
ABB24704908,2025-07-04 05:50:33.0,7.0
ABB24704908,2025-07-04 05:55:37.0,7.0
ABB24704908,2025-07-04 06:00:38.0,7.0
ABB24704908,2025-07-04 06:05:37.0,7.0
ABB24704908,2025-07-04 06:10:38.0,7.0
ABB24704908,2025-07-04 06:15:37.0,7.0
ABB24704908,2025-07-04 06:20:38.0,7.0
ABB24704908,2025-07-04 06:25:38.0,7.0
ABB24704908,2025-07-04 06:30:38.0,6.0
ABB24704908,2025-07-04 06:35:38.0,7.0
ABB24704908,2025-07-04 06:40:39.0,7.0
ABB24704908,2025-07-04 06:45:38.0,7.0
ABB24704908,2025-07-04 06:50:38.0,7.0
ABB24704908,2025-07-04 06:55:39.0,7.0
ABB24704908,2025-07-04 07:00:39.0,7.0
ABB24704908,2025-07-04 07:05:38.0,7.0
ABB24704908,2025-07-04 07:10:38.0,7.0
ABB24704908,2025-07-04 07:15:38.0,8.0
ABB24704908,2025-07-04 07:20:39.0,7.0
ABB24704908,2025-07-04 07:25:39.0,7.0
ABB24704908,2025-07-04 07:30:39.0,8.0
ABB24704908,2025-07-04 07:35:39.0,7.0
ABB24704908,2025-07-04 07:40:38.0,7.0
ABB24704908,2025-07-04 07:45:39.0,7.0
ABB24704908,2025-07-04 07:50:38.0,7.0
ABB24704908,2025-07-04 07:55:38.0,7.0
ABB24704908,2025-07-04 08:00:38.0,7.0
ABB24704908,2025-07-04 08:05:38.0,7.0
ABB24704908,2025-07-04 08:10:39.0,8.0
ABB24704908,2025-07-04 08:15:40.0,8.0
ABB24704908,2025-07-04 08:20:39.0,8.0
ABB24704908,2025-07-04 08:25:39.0,7.0
ABB24704908,2025-07-04 08:30:39.0,7.0
ABB24704908,2025-07-04 08:35:39.0,7.0
ABB24704908,2025-07-04 08:40:39.0,7.0
ABB24704908,2025-07-04 08:45:40.0,8.0
ABB24704908,2025-07-04 08:50:39.0,7.0
ABB24704908,2025-07-04 08:55:39.0,7.0
ABB24704908,2025-07-04 09:00:40.0,8.0
ABB24704908,2025-07-04 09:05:40.0,7.0
ABB24704908,2025-07-04 09:10:40.0,8.0
ABB24704908,2025-07-04 09:15:40.0,7.0
ABB24704908,2025-07-04 09:20:41.0,7.0
ABB24704908,2025-07-04 09:25:40.0,7.0
ABB24704908,2025-07-04 09:30:42.0,7.0
ABB24704908,2025-07-04 09:35:40.0,7.0
ABB24704908,2025-07-04 09:40:40.0,7.0
ABB24704908,2025-07-04 09:45:41.0,7.0
ABB24704908,2025-07-04 09:50:41.0,6.0
ABB24704908,2025-07-04 09:55:41.0,7.0
ABB24704908,2025-07-04 10:00:41.0,7.0
ABB24704908,2025-07-04 10:05:41.0,6.0
ABB24704908,2025-07-04 10:10:41.0,8.0
ABB24704908,2025-07-04 10:15:52.0,6.0
ABB24704908,2025-07-04 10:20:41.0,7.0
ABB24704908,2025-07-04 10:25:42.0,8.0
ABB24704908,2025-07-04 10:30:41.0,7.0
ABB24704908,2025-07-04 10:35:51.0,8.0
ABB24704908,2025-07-04 10:40:43.0,7.0
ABB24704908,2025-07-04 10:45:43.0,7.0
ABB24704908,2025-07-04 10:50:54.0,7.0
ABB24704908,2025-07-04 10:55:51.0,7.0
ABB24704908,2025-07-04 11:00:42.0,7.0
ABB24704908,2025-07-04 11:05:41.0,6.0
ABB24704908,2025-07-04 11:10:42.0,7.0
ABB24704908,2025-07-04 11:15:43.0,7.0
ABB24704908,2025-07-04 11:20:43.0,7.0
ABB24704908,2025-07-04 11:25:46.0,7.0
ABB24704908,2025-07-04 11:30:44.0,7.0
ABB24704908,2025-07-04 11:36:17.0,7.0
ABB24704908,2025-07-04 11:41:51.0,7.0
ABB24704908,2025-07-04 11:45:47.0,7.0
ABB24704908,2025-07-04 11:50:55.0,5.0
ABB24704908,2025-07-04 11:55:47.0,6.0
ABB24704908,2025-07-04 12:00:48.0,5.0
ABB24704908,2025-07-04 12:05:56.0,6.0
ABB24704908,2025-07-04 12:10:58.0,6.0
ABB24704908,2025-07-04 12:16:05.0,6.0
ABB24704908,2025-07-04 12:21:05.0,6.0
ABB24704908,2025-07-04 12:26:22.0,6.0
ABB24704908,2025-07-04 12:30:48.0,7.0
ABB24704908,2025-07-04 12:35:51.0,6.0
ABB24704908,2025-07-04 12:43:14.0,5.0
ABB24704908,2025-07-04 12:45:56.0,5.0
ABB24704908,2025-07-04 12:50:48.0,5.0
ABB24704908,2025-07-04 12:57:40.0,6.0
ABB24704908,2025-07-04 13:00:51.0,6.0
ABB24704908,2025-07-04 13:06:21.0,5.0
ABB24704908,2025-07-04 13:12:48.0,6.0
ABB24704908,2025-07-04 13:16:27.0,5.0
ABB24704908,2025-07-04 13:22:05.0,5.0
ABB24704908,2025-07-04 13:25:58.0,6.0
ABB24704908,2025-07-04 13:31:48.0,6.0
ABB24704908,2025-07-04 13:38:25.0,6.0
ABB24704908,2025-07-04 13:41:07.0,5.0
ABB24704908,2025-07-04 13:47:09.0,6.0
ABB24704908,2025-07-04 13:51:34.0,5.0
ABB24704908,2025-07-04 13:57:59.0,7.0
ABB24704908,2025-07-04 14:02:05.0,5.0
ABB24704908,2025-07-04 14:07:10.0,5.0
ABB24704908,2025-07-04 14:11:42.0,5.0
ABB24704908,2025-07-04 14:16:48.0,4.0
ABB24704908,2025-07-04 14:22:07.0,5.0
ABB24704908,2025-07-04 14:27:35.0,6.0
ABB24704908,2025-07-04 14:31:29.0,6.0
ABB24704908,2025-07-04 14:36:29.0,6.0
ABB24704908,2025-07-04 14:41:48.0,6.0
ABB24704908,2025-07-04 14:47:16.0,6.0
ABB24704908,2025-07-04 14:51:58.0,6.0
ABB24704908,2025-07-04 14:57:05.0,6.0
ABB24704908,2025-07-04 15:01:42.0,7.0
ABB24704908,2025-07-04 15:06:49.0,6.0
ABB24704908,2025-07-04 15:12:34.0,6.0
ABB24704908,2025-07-04 15:18:33.0,6.0
ABB24704908,2025-07-04 15:21:42.0,5.0
ABB24704908,2025-07-04 15:27:11.0,-1.0
ABB24704908,2025-07-04 15:31:57.0,6.0
ABB24704908,2025-07-04 15:37:05.0,6.0
ABB24704908,2025-07-04 15:42:08.0,5.0
ABB24704908,2025-07-04 15:46:54.0,7.0
ABB24704908,2025-07-04 15:52:23.0,6.0
ABB24704908,2025-07-04 15:56:57.0,7.0
ABB24704908,2025-07-04 16:02:36.0,6.0
ABB24704908,2025-07-04 16:12:52.0,6.0
ABB24704908,2025-07-04 16:13:17.0,6.0
ABB24704908,2025-07-04 16:17:51.0,6.0
ABB24704908,2025-07-04 16:22:22.0,6.0
ABB24704908,2025-07-04 16:28:04.0,5.0
ABB24704908,2025-07-04 16:33:40.0,6.0
ABB24704908,2025-07-04 16:37:19.0,6.0
ABB24704908,2025-07-04 16:42:12.0,5.0
ABB24704908,2025-07-04 16:49:04.0,5.0
ABB24704908,2025-07-04 16:52:47.0,6.0
ABB24704908,2025-07-04 16:57:54.0,6.0
ABB24704908,2025-07-04 17:03:48.0,6.0
ABB24704908,2025-07-04 17:07:34.0,6.0
ABB24704908,2025-07-04 17:12:44.0,6.0
ABB24704908,2025-07-04 17:19:08.0,7.0
ABB24704908,2025-07-04 17:22:21.0,6.0
ABB24704908,2025-07-04 17:27:37.0,6.0
ABB24704908,2025-07-04 17:33:10.0,6.0
ABB24704908,2025-07-04 17:37:42.0,6.0
ABB24704908,2025-07-04 17:42:30.0,7.0
ABB24704908,2025-07-04 17:49:15.0,3.0
ABB24704908,2025-07-04 17:53:07.0,6.0
ABB24704908,2025-07-04 17:57:35.0,6.0
ABB24704908,2025-07-04 18:02:37.0,7.0
ABB24704908,2025-07-04 18:09:57.0,5.0
ABB24704908,2025-07-04 18:15:51.0,6.0
ABB24704908,2025-07-04 18:18:09.0,7.0
ABB24704908,2025-07-04 18:23:57.0,6.0
ABB24704908,2025-07-04 18:27:39.0,6.0
ABB24704908,2025-07-04 18:32:42.0,-3.0
ABB24704908,2025-07-04 18:38:23.0,6.0
ABB24704908,2025-07-04 18:44:08.0,-4.0
ABB24704908,2025-07-04 18:47:32.0,7.0
ABB24704908,2025-07-04 18:55:38.0,7.0
ABB24704908,2025-07-04 18:58:55.0,7.0
ABB24704908,2025-07-04 19:02:38.0,6.0
ABB24704908,2025-07-04 19:07:59.0,6.0
ABB24704908,2025-07-04 19:13:47.0,-4.0
ABB24704908,2025-07-04 19:18:22.0,6.0
ABB24704908,2025-07-04 19:23:44.0,6.0
ABB24704908,2025-07-04 19:27:57.0,7.0
ABB24704908,2025-07-04 19:33:20.0,7.0
ABB24704908,2025-07-04 19:39:25.0,7.0
ABB24704908,2025-07-04 19:43:04.0,7.0
ABB24704908,2025-07-04 19:49:27.0,2.0
ABB24704908,2025-07-04 19:53:23.0,7.0
ABB24704908,2025-07-04 19:58:15.0,7.0
ABB24704908,2025-07-04 20:03:12.0,2.0
ABB24704908,2025-07-04 20:08:21.0,-4.0
ABB24704908,2025-07-04 20:13:22.0,6.0
ABB24704908,2025-07-04 20:18:20.0,-3.0
ABB24704908,2025-07-04 20:24:38.0,-3.0
ABB24704908,2025-07-04 20:28:55.0,8.0
ABB24704908,2025-07-04 20:33:22.0,7.0
ABB24704908,2025-07-04 20:39:11.0,7.0
ABB24704908,2025-07-04 20:43:35.0,7.0
ABB24704908,2025-07-04 20:48:09.0,8.0
ABB24704908,2025-07-04 20:54:41.0,-3.0
ABB24704908,2025-07-04 21:01:24.0,6.0
ABB24704908,2025-07-04 21:04:02.0,-3.0
ABB24704908,2025-07-04 21:08:13.0,-3.0
ABB24704908,2025-07-04 21:13:45.0,0.0
ABB24704908,2025-07-04 21:20:36.0,7.0
ABB24704908,2025-07-04 21:23:21.0,6.0
ABB24704908,2025-07-04 21:28:27.0,6.0
ABB24704908,2025-07-04 21:35:49.0,5.0
ABB24704908,2025-07-04 21:38:16.0,5.0
ABB24704908,2025-07-04 21:45:22.0,5.0
ABB24704908,2025-07-04 21:48:23.0,5.0
ABB24704908,2025-07-04 21:53:57.0,6.0
ABB24704908,2025-07-04 21:58:53.0,6.0
ABB24704908,2025-07-04 22:03:38.0,6.0
ABB24704908,2025-07-04 22:09:38.0,6.0
ABB24704908,2025-07-04 22:14:39.0,6.0
ABB24704908,2025-07-04 22:18:39.0,6.0
ABB24704908,2025-07-04 22:24:36.0,5.0
ABB24704908,2025-07-04 22:28:35.0,5.0
ABB24704908,2025-07-04 22:33:54.0,5.0
ABB24704908,2025-07-04 22:40:27.0,5.0
ABB24704908,2025-07-04 22:43:38.0,5.0
ABB24704908,2025-07-04 22:48:37.0,6.0
ABB24704908,2025-07-04 22:54:21.0,6.0
ABB24704908,2025-07-04 22:59:01.0,6.0
ABB24704908,2025-07-04 23:03:48.0,5.0
ABB24704908,2025-07-04 23:08:49.0,5.0
ABB24704908,2025-07-04 23:13:40.0,6.0
ABB24704908,2025-07-04 23:18:41.0,4.0
ABB24704908,2025-07-04 23:23:42.0,6.0
ABB24704908,2025-07-04 23:28:43.0,5.0
ABB24704908,2025-07-04 23:33:43.0,5.0
ABB24704908,2025-07-04 23:38:44.0,5.0
ABB24704908,2025-07-04 23:43:44.0,6.0
ABB24704908,2025-07-04 23:48:45.0,-3.0
ABB24704908,2025-07-04 23:53:46.0,-3.0
ABB24704908,2025-07-04 23:58:48.0,-3.0
ABB24704908,2025-07-05 00:03:46.0,6.0
ABB24704908,2025-07-05 00:08:52.0,5.0
ABB24704908,2025-07-05 00:13:57.0,7.0
ABB24704908,2025-07-05 00:19:03.0,7.0
ABB24704908,2025-07-05 00:24:08.0,8.0
ABB24704908,2025-07-05 00:29:14.0,6.0
ABB24704908,2025-07-05 00:34:19.0,7.0
ABB24704908,2025-07-05 00:39:25.0,7.0
ABB24704908,2025-07-05 00:44:30.0,7.0
ABB24704908,2025-07-05 00:49:36.0,7.0
ABB24704908,2025-07-05 00:54:41.0,7.0
ABB24704908,2025-07-05 00:59:48.0,-3.0
ABB24704908,2025-07-05 01:04:53.0,-2.0
ABB24704908,2025-07-05 01:09:58.0,-3.0
ABB24704908,2025-07-05 01:15:04.0,-3.0
ABB24704908,2025-07-05 01:20:08.0,8.0
ABB24704908,2025-07-05 01:25:14.0,7.0
ABB24704908,2025-07-05 01:30:19.0,8.0
ABB24704908,2025-07-05 01:35:25.0,8.0
ABB24704908,2025-07-05 01:40:30.0,7.0
ABB24704908,2025-07-05 01:45:36.0,-3.0
ABB24704908,2025-07-05 01:50:42.0,8.0
ABB24704908,2025-07-05 02:00:52.0,8.0
ABB24704908,2025-07-05 02:05:58.0,8.0
ABB24704908,2025-07-05 02:11:04.0,8.0
ABB24704908,2025-07-05 02:16:09.0,-3.0
ABB24704908,2025-07-05 02:21:15.0,7.0
ABB24704908,2025-07-05 02:26:20.0,7.0
ABB24704908,2025-07-05 02:31:25.0,8.0
ABB24704908,2025-07-05 02:36:31.0,8.0
ABB24704908,2025-07-05 02:41:37.0,-4.0
ABB24704908,2025-07-05 02:46:43.0,-2.0
ABB24704908,2025-07-05 02:51:47.0,0.0
ABB24704908,2025-07-05 02:56:52.0,8.0
ABB24704908,2025-07-05 03:01:58.0,-3.0
ABB24704908,2025-07-05 03:07:03.0,7.0
ABB24704908,2025-07-05 03:12:10.0,-4.0
ABB24704908,2025-07-05 03:17:15.0,-4.0
ABB24704908,2025-07-05 03:22:20.0,7.0
ABB24704908,2025-07-05 03:27:25.0,-4.0
ABB24704908,2025-07-05 03:32:30.0,8.0
ABB24704908,2025-07-05 03:37:36.0,7.0
ABB24704908,2025-07-05 03:42:42.0,8.0
ABB24704908,2025-07-05 03:47:47.0,7.0
ABB24704908,2025-07-05 03:52:52.0,8.0
ABB24704908,2025-07-05 03:57:58.0,7.0
ABB24704908,2025-07-05 04:03:03.0,8.0
ABB24704908,2025-07-05 04:08:09.0,7.0
ABB24704908,2025-07-05 04:13:14.0,8.0
ABB24704908,2025-07-05 04:18:20.0,7.0
ABB24704908,2025-07-05 04:23:25.0,7.0
ABB24704908,2025-07-05 04:28:31.0,7.0
ABB24704908,2025-07-05 04:33:36.0,7.0
ABB24704908,2025-07-05 04:38:42.0,7.0
ABB24704908,2025-07-05 04:43:48.0,7.0
ABB24704908,2025-07-05 04:48:53.0,8.0
ABB24704908,2025-07-05 04:53:59.0,8.0
ABB24704908,2025-07-05 04:59:05.0,8.0
ABB24704908,2025-07-05 05:04:30.0,7.0
ABB24704908,2025-07-05 05:09:26.0,8.0
ABB24704908,2025-07-05 05:14:30.0,8.0
ABB24704908,2025-07-05 05:19:28.0,-3.0
ABB24704908,2025-07-05 05:24:32.0,7.0
ABB24704908,2025-07-05 05:29:38.0,8.0
ABB24704908,2025-07-05 05:34:43.0,7.0
ABB24704908,2025-07-05 05:39:49.0,7.0
ABB24704908,2025-07-05 05:44:55.0,7.0
ABB24704908,2025-07-05 05:49:59.0,8.0
ABB24704908,2025-07-05 05:55:05.0,8.0
ABB24704908,2025-07-05 06:00:11.0,7.0
ABB24704908,2025-07-05 06:05:11.0,7.0
ABB24704908,2025-07-05 06:10:10.0,7.0
ABB24704908,2025-07-05 06:15:11.0,7.0
ABB24704908,2025-07-05 06:20:11.0,7.0
ABB24704908,2025-07-05 06:25:12.0,8.0
ABB24704908,2025-07-05 06:30:13.0,7.0
ABB24704908,2025-07-05 06:35:14.0,7.0
ABB24704908,2025-07-05 06:40:14.0,8.0
ABB24704908,2025-07-05 06:45:14.0,8.0
ABB24704908,2025-07-05 06:50:15.0,7.0
ABB24704908,2025-07-05 06:55:16.0,7.0
ABB24704908,2025-07-05 07:00:16.0,7.0
ABB24704908,2025-07-05 07:05:17.0,7.0
ABB24704908,2025-07-05 07:10:16.0,8.0
ABB24704908,2025-07-05 07:15:17.0,7.0
ABB24704908,2025-07-05 07:20:18.0,8.0
ABB24704908,2025-07-05 07:25:22.0,7.0
ABB24704908,2025-07-05 07:30:19.0,8.0
ABB24704908,2025-07-05 07:35:19.0,8.0
ABB24704908,2025-07-05 07:40:19.0,8.0
ABB24704908,2025-07-05 07:45:20.0,8.0
ABB24704908,2025-07-05 07:50:21.0,8.0
ABB24704908,2025-07-05 07:55:22.0,8.0
ABB24704908,2025-07-05 08:00:22.0,7.0
ABB24704908,2025-07-05 08:05:23.0,8.0
ABB24704908,2025-07-05 08:10:22.0,8.0
ABB24704908,2025-07-05 08:15:24.0,8.0
ABB24704908,2025-07-05 08:20:24.0,8.0
ABB24704908,2025-07-05 08:25:24.0,8.0
ABB24704908,2025-07-05 08:30:25.0,8.0
ABB24704908,2025-07-05 08:35:25.0,8.0
ABB24704908,2025-07-05 08:40:26.0,7.0
ABB24704908,2025-07-05 08:45:27.0,7.0
ABB24704908,2025-07-05 08:50:27.0,7.0
ABB24704908,2025-07-05 08:55:28.0,7.0
ABB24704908,2025-07-05 09:00:28.0,7.0
ABB24704908,2025-07-05 09:05:29.0,7.0
ABB24704908,2025-07-05 09:10:30.0,8.0
ABB24704908,2025-07-05 09:15:30.0,8.0
ABB24704908,2025-07-05 09:20:31.0,8.0
ABB24704908,2025-07-05 09:25:31.0,7.0
ABB24704908,2025-07-05 09:30:32.0,7.0
ABB24704908,2025-07-05 09:35:33.0,7.0
ABB24704908,2025-07-05 09:40:33.0,8.0
ABB24704908,2025-07-05 09:45:36.0,8.0
ABB24704908,2025-07-05 09:50:37.0,8.0
ABB24704908,2025-07-05 09:55:39.0,8.0
ABB24704908,2025-07-05 10:00:35.0,8.0
ABB24704908,2025-07-05 10:05:36.0,7.0
ABB24704908,2025-07-05 10:10:36.0,8.0
ABB24704908,2025-07-05 10:15:37.0,7.0
ABB24704908,2025-07-05 10:20:36.0,7.0
ABB24704908,2025-07-05 10:25:40.0,7.0
ABB24704908,2025-07-05 10:30:45.0,8.0
ABB24704908,2025-07-05 10:35:39.0,7.0
ABB24704908,2025-07-05 10:40:38.0,8.0
ABB24704908,2025-07-05 10:45:39.0,8.0
ABB24704908,2025-07-05 10:50:41.0,7.0
ABB24704908,2025-07-05 10:55:52.0,6.0
ABB24704908,2025-07-05 11:00:44.0,-3.0
ABB24704908,2025-07-05 11:05:44.0,-3.0
ABB24704908,2025-07-05 11:11:00.0,7.0
ABB24704908,2025-07-05 11:15:43.0,-3.0
ABB24704908,2025-07-05 11:20:42.0,6.0
ABB24704908,2025-07-05 11:25:56.0,7.0
ABB24704908,2025-07-05 11:30:49.0,6.0
ABB24704908,2025-07-05 11:35:49.0,-3.0
ABB24704908,2025-07-05 11:40:58.0,-2.0
ABB24704908,2025-07-05 11:45:45.0,7.0
ABB24704908,2025-07-05 11:50:52.0,7.0
ABB24704908,2025-07-05 11:55:49.0,-3.0
ABB24704908,2025-07-05 12:00:54.0,6.0
ABB24704908,2025-07-05 12:05:46.0,7.0
ABB24704908,2025-07-05 12:10:55.0,7.0
ABB24704908,2025-07-05 12:15:52.0,7.0
ABB24704908,2025-07-05 12:20:48.0,7.0
ABB24704908,2025-07-05 12:25:48.0,7.0
ABB24704908,2025-07-05 12:30:48.0,7.0
ABB24704908,2025-07-05 12:35:52.0,7.0
ABB24704908,2025-07-05 12:40:49.0,7.0
ABB24704908,2025-07-05 12:45:52.0,7.0
ABB24704908,2025-07-05 12:50:58.0,7.0
ABB24704908,2025-07-05 12:55:50.0,7.0
ABB24704908,2025-07-05 13:01:06.0,7.0
ABB24704908,2025-07-05 13:05:59.0,7.0
ABB24704908,2025-07-05 13:10:53.0,7.0
ABB24704908,2025-07-05 13:15:53.0,7.0
ABB24704908,2025-07-05 13:20:52.0,6.0
ABB24704908,2025-07-05 13:26:01.0,7.0
ABB24704908,2025-07-05 13:30:55.0,7.0
ABB24704908,2025-07-05 13:35:54.0,7.0
ABB24704908,2025-07-05 13:40:55.0,7.0
ABB24704908,2025-07-05 13:46:03.0,7.0
ABB24704908,2025-07-05 13:51:04.0,7.0
ABB24704908,2025-07-05 13:56:09.0,7.0
ABB24704908,2025-07-05 14:01:23.0,6.0
ABB24704908,2025-07-05 14:06:06.0,7.0
ABB24704908,2025-07-05 14:11:16.0,7.0
ABB24704908,2025-07-05 14:16:08.0,6.0
ABB24704908,2025-07-05 14:21:08.0,7.0
ABB24704908,2025-07-05 14:26:12.0,6.0
ABB24704908,2025-07-05 14:31:09.0,7.0
ABB24704908,2025-07-05 14:36:19.0,7.0
ABB24704908,2025-07-05 14:41:09.0,7.0
ABB24704908,2025-07-05 14:51:10.0,8.0
ABB24704908,2025-07-05 14:56:13.0,8.0
ABB24704908,2025-07-05 15:01:11.0,8.0
ABB24704908,2025-07-05 15:06:13.0,8.0
ABB24704908,2025-07-05 15:11:12.0,8.0
ABB24704908,2025-07-05 15:16:29.0,8.0
ABB24704908,2025-07-05 15:21:13.0,7.0
ABB24704908,2025-07-05 15:26:15.0,7.0
ABB24704908,2025-07-05 15:31:14.0,6.0
ABB24704908,2025-07-05 15:36:33.0,6.0
ABB24704908,2025-07-05 15:41:17.0,6.0
ABB24704908,2025-07-05 15:46:17.0,5.0
ABB24704908,2025-07-05 15:51:17.0,6.0
ABB24704908,2025-07-05 15:56:17.0,6.0
ABB24704908,2025-07-05 16:01:18.0,7.0
ABB24704908,2025-07-05 16:06:21.0,7.0
ABB24704908,2025-07-05 16:11:19.0,7.0
ABB24704908,2025-07-05 16:16:20.0,6.0
ABB24704908,2025-07-05 16:21:19.0,7.0
ABB24704908,2025-07-05 16:26:23.0,8.0
ABB24704908,2025-07-05 16:31:24.0,7.0
ABB24704908,2025-07-05 16:36:22.0,7.0
ABB24704908,2025-07-05 16:41:21.0,7.0
ABB24704908,2025-07-05 16:46:22.0,6.0
ABB24704908,2025-07-05 16:51:22.0,7.0
ABB24704908,2025-07-05 16:56:26.0,7.0
ABB24704908,2025-07-05 17:01:32.0,6.0
ABB24704908,2025-07-05 17:06:32.0,6.0
ABB24704908,2025-07-05 17:11:32.0,6.0
ABB24704908,2025-07-05 17:16:25.0,6.0
ABB24704908,2025-07-05 17:21:27.0,6.0
ABB24704908,2025-07-05 17:26:26.0,6.0
ABB24704908,2025-07-05 17:31:27.0,6.0
ABB24704908,2025-07-05 17:36:27.0,6.0
ABB24704908,2025-07-05 17:41:38.0,6.0
ABB24704908,2025-07-05 17:46:30.0,7.0
ABB24704908,2025-07-05 17:51:39.0,7.0
ABB24704908,2025-07-05 17:56:33.0,6.0
ABB24704908,2025-07-05 18:01:30.0,5.0
ABB24704908,2025-07-05 18:06:31.0,-3.0
ABB24704908,2025-07-05 18:11:35.0,-3.0
ABB24704908,2025-07-05 18:16:34.0,-4.0
ABB24704908,2025-07-05 18:21:50.0,5.0
ABB24704908,2025-07-05 18:26:46.0,1.0
ABB24704908,2025-07-05 18:31:35.0,4.0
ABB24704908,2025-07-05 18:36:35.0,7.0
ABB24704908,2025-07-05 18:41:36.0,7.0
ABB24704908,2025-07-05 18:46:36.0,6.0
ABB24704908,2025-07-05 18:51:39.0,5.0
ABB24704908,2025-07-05 18:56:36.0,7.0
ABB24704908,2025-07-05 19:01:43.0,7.0
ABB24704908,2025-07-05 19:06:47.0,7.0
ABB24704908,2025-07-05 19:11:39.0,7.0
ABB24704908,2025-07-05 19:16:39.0,8.0
ABB24704908,2025-07-05 19:21:50.0,7.0
ABB24704908,2025-07-05 19:26:45.0,7.0
ABB24704908,2025-07-05 19:31:40.0,6.0
ABB24704908,2025-07-05 19:36:41.0,7.0
ABB24704908,2025-07-05 19:41:42.0,7.0
ABB24704908,2025-07-05 19:46:51.0,7.0
ABB24704908,2025-07-05 19:51:47.0,7.0
ABB24704908,2025-07-05 19:56:56.0,7.0
ABB24704908,2025-07-05 20:02:01.0,7.0
ABB24704908,2025-07-05 20:06:45.0,6.0
ABB24704908,2025-07-05 20:11:45.0,6.0
ABB24704908,2025-07-05 20:16:47.0,7.0
ABB24704908,2025-07-05 20:21:46.0,7.0
ABB24704908,2025-07-05 20:26:56.0,5.0
ABB24704908,2025-07-05 20:31:57.0,7.0
ABB24704908,2025-07-05 20:36:51.0,7.0
ABB24704908,2025-07-05 20:42:01.0,6.0
ABB24704908,2025-07-05 20:47:04.0,6.0
ABB24704908,2025-07-05 20:52:10.0,7.0
ABB24704908,2025-07-05 20:57:23.0,6.0
ABB24704908,2025-07-05 21:02:02.0,7.0
ABB24704908,2025-07-05 21:07:07.0,7.0
ABB24704908,2025-07-05 21:12:04.0,7.0
ABB24704908,2025-07-05 21:17:04.0,7.0
ABB24704908,2025-07-05 21:22:04.0,7.0
ABB24704908,2025-07-05 21:27:29.0,7.0
ABB24704908,2025-07-05 21:37:29.0,7.0
ABB24704908,2025-07-05 21:47:29.0,8.0
ABB24704908,2025-07-05 21:52:46.0,8.0
ABB24704908,2025-07-05 21:57:29.0,7.0
ABB24704908,2025-07-05 22:02:20.0,7.0
ABB24704908,2025-07-05 22:08:00.0,1.0
ABB24704908,2025-07-05 22:13:44.0,2.0
ABB24704908,2025-07-05 22:17:36.0,7.0
ABB24704908,2025-07-05 22:22:40.0,1.0
ABB24704908,2025-07-05 22:28:47.0,6.0
ABB24704908,2025-07-05 22:32:37.0,6.0
ABB24704908,2025-07-05 22:39:12.0,2.0
ABB24704908,2025-07-05 22:43:51.0,7.0
ABB24704908,2025-07-05 22:47:54.0,7.0
ABB24704908,2025-07-05 22:52:43.0,8.0
ABB24704908,2025-07-05 22:58:41.0,7.0
ABB24704908,2025-07-05 23:02:47.0,7.0
ABB24704908,2025-07-05 23:07:38.0,7.0
ABB24704908,2025-07-05 23:12:58.0,8.0
ABB24704908,2025-07-05 23:17:37.0,7.0
ABB24704908,2025-07-05 23:22:36.0,8.0
ABB24704908,2025-07-05 23:27:37.0,1.0
ABB24704908,2025-07-05 23:32:37.0,7.0
ABB24704908,2025-07-05 23:37:38.0,7.0
ABB24704908,2025-07-05 23:42:39.0,7.0
ABB24704908,2025-07-05 23:47:40.0,8.0
ABB24704908,2025-07-05 23:52:40.0,7.0
ABB24704908,2025-07-05 23:57:40.0,8.0
ABB24704908,2025-07-06 00:02:41.0,8.0
ABB24704908,2025-07-06 00:07:45.0,6.0
ABB24704908,2025-07-06 00:12:50.0,8.0
ABB24704908,2025-07-06 00:17:57.0,-3.0
ABB24704908,2025-07-06 00:23:02.0,7.0
ABB24704908,2025-07-06 00:28:08.0,8.0
ABB24704908,2025-07-06 00:33:12.0,7.0
ABB24704908,2025-07-06 00:38:19.0,8.0
ABB24704908,2025-07-06 00:43:23.0,8.0
ABB24704908,2025-07-06 00:48:29.0,7.0
ABB24704908,2025-07-06 00:53:34.0,8.0
ABB24704908,2025-07-06 00:58:40.0,7.0
ABB24704908,2025-07-06 01:03:45.0,8.0
ABB24704908,2025-07-06 01:08:51.0,8.0
ABB24704908,2025-07-06 01:13:57.0,7.0
ABB24704908,2025-07-06 01:19:02.0,8.0
ABB24704908,2025-07-06 01:24:08.0,7.0
ABB24704908,2025-07-06 01:29:13.0,7.0
ABB24704908,2025-07-06 01:34:19.0,7.0
ABB24704908,2025-07-06 01:39:23.0,7.0
ABB24704908,2025-07-06 01:44:29.0,7.0
ABB24704908,2025-07-06 01:49:34.0,7.0
ABB24704908,2025-07-06 01:54:40.0,8.0
ABB24704908,2025-07-06 01:59:45.0,7.0
ABB24704908,2025-07-06 02:04:51.0,8.0
ABB24704908,2025-07-06 02:09:56.0,8.0
ABB24704908,2025-07-06 02:15:01.0,7.0
ABB24704908,2025-07-06 02:20:06.0,7.0
ABB24704908,2025-07-06 02:25:12.0,8.0
ABB24704908,2025-07-06 02:30:17.0,7.0
ABB24704908,2025-07-06 02:35:24.0,8.0
ABB24704908,2025-07-06 02:40:28.0,7.0
ABB24704908,2025-07-06 02:45:34.0,7.0
ABB24704908,2025-07-06 02:50:39.0,7.0
ABB24704908,2025-07-06 02:55:45.0,8.0
ABB24704908,2025-07-06 03:00:50.0,7.0
ABB24704908,2025-07-06 03:05:56.0,7.0
ABB24704908,2025-07-06 03:11:02.0,7.0
ABB24704908,2025-07-06 03:26:17.0,7.0
ABB24704908,2025-07-06 03:31:22.0,7.0
ABB24704908,2025-07-06 03:36:28.0,7.0
ABB24704908,2025-07-06 03:41:33.0,7.0
ABB24704908,2025-07-06 03:46:39.0,7.0
ABB24704908,2025-07-06 03:51:44.0,7.0
ABB24704908,2025-07-06 03:56:50.0,6.0
ABB24704908,2025-07-06 04:01:55.0,7.0
ABB24704908,2025-07-06 04:07:01.0,7.0
ABB24704908,2025-07-06 04:12:06.0,8.0
ABB24704908,2025-07-06 04:22:17.0,7.0
ABB24704908,2025-07-06 04:27:23.0,7.0
ABB24704908,2025-07-06 04:32:28.0,7.0
ABB24704908,2025-07-06 04:37:33.0,7.0
ABB24704908,2025-07-06 04:42:39.0,7.0
ABB24704908,2025-07-06 04:47:45.0,7.0
ABB24704908,2025-07-06 04:52:51.0,8.0
ABB24704908,2025-07-06 04:57:56.0,7.0
ABB24704908,2025-07-06 05:03:02.0,7.0
ABB24704908,2025-07-06 05:08:08.0,7.0
ABB24704908,2025-07-06 05:13:13.0,7.0
ABB24704908,2025-07-06 05:18:22.0,7.0
ABB24704908,2025-07-06 05:23:24.0,7.0
ABB24704908,2025-07-06 05:28:33.0,7.0
ABB24704908,2025-07-06 05:33:43.0,8.0
ABB24704908,2025-07-06 05:39:07.0,7.0
ABB24704908,2025-07-06 05:43:49.0,7.0
ABB24704908,2025-07-06 05:48:55.0,7.0
ABB24704908,2025-07-06 05:53:59.0,7.0
ABB24704908,2025-07-06 05:59:05.0,7.0
ABB24704908,2025-07-06 06:04:05.0,7.0
ABB24704908,2025-07-06 06:09:06.0,7.0
ABB24704908,2025-07-06 06:14:07.0,7.0
ABB24704908,2025-07-06 06:19:07.0,8.0
ABB24704908,2025-07-06 06:24:08.0,8.0
ABB24704908,2025-07-06 06:29:08.0,7.0
ABB24704908,2025-07-06 06:34:08.0,8.0
ABB24704908,2025-07-06 06:39:09.0,8.0
ABB24704908,2025-07-06 06:44:09.0,7.0
ABB24704908,2025-07-06 06:49:09.0,7.0
ABB24704908,2025-07-06 06:54:10.0,7.0
ABB24704908,2025-07-06 06:59:10.0,7.0
ABB24704908,2025-07-06 07:04:10.0,8.0
ABB24704908,2025-07-06 07:09:11.0,7.0
ABB24704908,2025-07-06 07:14:12.0,7.0
ABB24704908,2025-07-06 07:19:12.0,7.0
ABB24704908,2025-07-06 07:24:13.0,7.0
ABB24704908,2025-07-06 07:29:13.0,7.0
ABB24704908,2025-07-06 07:34:14.0,7.0
ABB24704908,2025-07-06 07:39:14.0,8.0
ABB24704908,2025-07-06 07:44:15.0,7.0
ABB24704908,2025-07-06 07:49:14.0,7.0
ABB24704908,2025-07-06 07:54:15.0,7.0
ABB24704908,2025-07-06 07:59:16.0,7.0
ABB24704908,2025-07-06 08:04:16.0,7.0
ABB24704908,2025-07-06 08:09:18.0,7.0
ABB24704908,2025-07-06 08:14:17.0,6.0
ABB24704908,2025-07-06 08:19:30.0,7.0
ABB24704908,2025-07-06 08:24:20.0,7.0
ABB24704908,2025-07-06 08:29:19.0,3.0
ABB24704908,2025-07-06 08:34:20.0,7.0
ABB24704908,2025-07-06 08:39:20.0,7.0
ABB24704908,2025-07-06 08:44:21.0,8.0
ABB24704908,2025-07-06 08:49:21.0,7.0
ABB24704908,2025-07-06 08:54:22.0,8.0
ABB24704908,2025-07-06 08:59:23.0,7.0
ABB24704908,2025-07-06 09:04:26.0,7.0
ABB24704908,2025-07-06 09:09:23.0,7.0
ABB24704908,2025-07-06 09:14:26.0,7.0
ABB24704908,2025-07-06 09:19:32.0,7.0
ABB24704908,2025-07-06 09:24:25.0,7.0
ABB24704908,2025-07-06 09:29:24.0,7.0
ABB24704908,2025-07-06 09:34:25.0,7.0
ABB24704908,2025-07-06 09:39:27.0,7.0
ABB24704908,2025-07-06 09:44:28.0,7.0
ABB24704908,2025-07-06 09:49:30.0,7.0
ABB24704908,2025-07-06 09:54:32.0,7.0
ABB24704908,2025-07-06 09:59:45.0,7.0
ABB24704908,2025-07-06 10:04:33.0,7.0
ABB24704908,2025-07-06 10:09:30.0,7.0
ABB24704908,2025-07-06 10:14:41.0,7.0
ABB24704908,2025-07-06 10:19:44.0,7.0
ABB24704908,2025-07-06 10:24:36.0,7.0
ABB24704908,2025-07-06 10:29:43.0,7.0
ABB24704908,2025-07-06 10:35:02.0,7.0
ABB24704908,2025-07-06 10:39:49.0,7.0
ABB24704908,2025-07-06 10:44:43.0,7.0
ABB24704908,2025-07-06 10:49:50.0,2.0
ABB24704908,2025-07-06 10:54:55.0,7.0
ABB24704908,2025-07-06 11:00:31.0,7.0
ABB24704908,2025-07-06 11:05:00.0,7.0
ABB24704908,2025-07-06 11:09:59.0,5.0
ABB24704908,2025-07-06 11:15:03.0,7.0
ABB24704908,2025-07-06 11:20:10.0,8.0
ABB24704908,2025-07-06 11:25:01.0,7.0
ABB24704908,2025-07-06 11:30:00.0,7.0
ABB24704908,2025-07-06 11:35:10.0,7.0
ABB24704908,2025-07-06 11:40:20.0,7.0
ABB24704908,2025-07-06 11:45:02.0,8.0
ABB24704908,2025-07-06 11:50:05.0,8.0
ABB24704908,2025-07-06 11:55:19.0,7.0
ABB24704908,2025-07-06 12:00:11.0,6.0
ABB24704908,2025-07-06 12:05:12.0,6.0
ABB24704908,2025-07-06 12:10:14.0,7.0
ABB24704908,2025-07-06 12:15:25.0,7.0
ABB24704908,2025-07-06 12:20:30.0,8.0
ABB24704908,2025-07-06 12:25:36.0,7.0
ABB24704908,2025-07-06 12:30:22.0,7.0
ABB24704908,2025-07-06 12:35:26.0,7.0
ABB24704908,2025-07-06 12:40:37.0,7.0
ABB24704908,2025-07-06 12:45:27.0,7.0
ABB24704908,2025-07-06 12:50:19.0,7.0
ABB24704908,2025-07-06 12:55:18.0,7.0
ABB24704908,2025-07-06 13:00:45.0,6.0
ABB24704908,2025-07-06 13:05:36.0,7.0
ABB24704908,2025-07-06 13:10:27.0,7.0
ABB24704908,2025-07-06 13:15:28.0,7.0
ABB24704908,2025-07-06 13:20:35.0,7.0
ABB24704908,2025-07-06 13:25:36.0,7.0
ABB24704908,2025-07-06 13:30:35.0,7.0
ABB24704908,2025-07-06 13:35:30.0,7.0
ABB24704908,2025-07-06 13:40:38.0,7.0
ABB24704908,2025-07-06 13:45:39.0,7.0
ABB24704908,2025-07-06 13:50:33.0,8.0
ABB24704908,2025-07-06 13:55:39.0,8.0
ABB24704908,2025-07-06 14:00:33.0,6.0
ABB24704908,2025-07-06 14:05:47.0,7.0
ABB24704908,2025-07-06 14:11:14.0,7.0
ABB24704908,2025-07-06 14:15:43.0,8.0
ABB24704908,2025-07-06 14:20:43.0,2.0
ABB24704908,2025-07-06 14:25:45.0,7.0
ABB24704908,2025-07-06 14:30:43.0,8.0
ABB24704908,2025-07-06 14:35:43.0,8.0
ABB24704908,2025-07-06 14:40:48.0,2.0
ABB24704908,2025-07-06 14:45:53.0,8.0
ABB24704908,2025-07-06 14:50:44.0,3.0
ABB24704908,2025-07-06 14:55:50.0,7.0
ABB24704908,2025-07-06 15:00:55.0,7.0
ABB24704908,2025-07-06 15:05:49.0,8.0
ABB24704908,2025-07-06 15:11:07.0,2.0
ABB24704908,2025-07-06 15:16:04.0,8.0
ABB24704908,2025-07-06 15:21:00.0,-4.0
ABB24704908,2025-07-06 15:25:51.0,-4.0
ABB24704908,2025-07-06 15:30:50.0,8.0
ABB24704908,2025-07-06 15:35:50.0,7.0
ABB24704908,2025-07-06 15:41:03.0,6.0
ABB24704908,2025-07-06 15:45:53.0,7.0
ABB24704908,2025-07-06 15:50:55.0,7.0
ABB24704908,2025-07-06 15:56:06.0,7.0
ABB24704908,2025-07-06 16:00:53.0,7.0
ABB24704908,2025-07-06 16:05:55.0,7.0
ABB24704908,2025-07-06 16:11:14.0,7.0
ABB24704908,2025-07-06 16:16:03.0,-3.0
ABB24704908,2025-07-06 16:21:16.0,7.0
ABB24704908,2025-07-06 16:26:02.0,6.0
ABB24704908,2025-07-06 16:30:59.0,2.0
ABB24704908,2025-07-06 16:35:57.0,7.0
ABB24704908,2025-07-06 16:40:58.0,-4.0
ABB24704908,2025-07-06 16:46:15.0,7.0
ABB24704908,2025-07-06 16:50:59.0,6.0
ABB24704908,2025-07-06 16:56:28.0,-2.0
ABB24704908,2025-07-06 17:01:09.0,7.0
ABB24704908,2025-07-06 17:16:24.0,7.0
ABB24704908,2025-07-06 17:22:48.0,7.0
ABB24704908,2025-07-06 17:27:42.0,7.0
ABB24704908,2025-07-06 17:31:51.0,7.0
ABB24704908,2025-07-06 17:37:23.0,6.0
ABB24704908,2025-07-06 17:43:04.0,6.0
ABB24704908,2025-07-06 17:47:15.0,7.0
ABB24704908,2025-07-06 17:52:25.0,7.0
ABB24704908,2025-07-06 17:57:13.0,7.0
ABB24704908,2025-07-06 18:02:41.0,7.0
ABB24704908,2025-07-06 18:07:51.0,7.0
ABB24704908,2025-07-06 18:12:04.0,6.0
ABB24704908,2025-07-06 18:17:45.0,7.0
ABB24704908,2025-07-06 18:23:15.0,6.0
ABB24704908,2025-07-06 18:27:24.0,6.0
ABB24704908,2025-07-06 18:32:25.0,7.0
ABB24704908,2025-07-06 18:37:18.0,6.0
ABB24704908,2025-07-06 18:42:10.0,7.0
ABB24704908,2025-07-06 18:47:19.0,6.0
ABB24704908,2025-07-06 18:53:45.0,7.0
ABB24704908,2025-07-06 18:58:03.0,7.0
ABB24704908,2025-07-06 19:02:48.0,7.0
ABB24704908,2025-07-06 19:12:15.0,6.0
ABB24704908,2025-07-06 19:17:20.0,7.0
ABB24704908,2025-07-06 19:25:31.0,7.0
ABB24704908,2025-07-06 19:27:24.0,6.0
ABB24704908,2025-07-06 19:35:02.0,5.0
ABB24704908,2025-07-06 19:37:41.0,6.0
ABB24704908,2025-07-06 19:42:42.0,7.0
ABB24704908,2025-07-06 19:48:35.0,6.0
ABB24704908,2025-07-06 19:53:10.0,-3.0
ABB24704908,2025-07-06 19:57:26.0,5.0
ABB24704908,2025-07-06 20:04:59.0,6.0
ABB24704908,2025-07-06 20:10:30.0,6.0
ABB24704908,2025-07-06 20:13:06.0,6.0
ABB24704908,2025-07-06 20:17:49.0,6.0
ABB24704908,2025-07-06 20:24:49.0,5.0
ABB24704908,2025-07-06 20:28:28.0,6.0
ABB24704908,2025-07-06 20:33:25.0,6.0
ABB24704908,2025-07-06 20:41:18.0,6.0
ABB24704908,2025-07-06 20:45:23.0,6.0
ABB24704908,2025-07-06 20:49:12.0,5.0
ABB24704908,2025-07-06 20:55:28.0,6.0
ABB24704908,2025-07-06 21:00:52.0,7.0
ABB24704908,2025-07-06 21:04:15.0,6.0
ABB24704908,2025-07-06 21:09:26.0,6.0
ABB24704908,2025-07-06 21:14:28.0,7.0
ABB24704908,2025-07-06 21:19:28.0,7.0
ABB24704908,2025-07-06 21:24:33.0,7.0
ABB24704908,2025-07-06 21:29:51.0,6.0
ABB24704908,2025-07-06 21:34:25.0,6.0
ABB24704908,2025-07-06 21:41:19.0,6.0
ABB24704908,2025-07-06 21:44:35.0,6.0
ABB24704908,2025-07-06 21:50:23.0,6.0
ABB24704908,2025-07-06 21:54:35.0,7.0
ABB24704908,2025-07-06 22:00:20.0,7.0
ABB24704908,2025-07-06 22:04:37.0,7.0
ABB24704908,2025-07-06 22:10:15.0,1.0
ABB24704908,2025-07-06 22:16:58.0,1.0
ABB24704908,2025-07-06 22:19:50.0,1.0
ABB24704908,2025-07-06 22:24:34.0,1.0
ABB24704908,2025-07-06 22:29:51.0,7.0
ABB24704908,2025-07-06 22:35:28.0,6.0
ABB24704908,2025-07-06 22:40:01.0,6.0
ABB24704908,2025-07-06 22:44:47.0,7.0
ABB24704908,2025-07-06 22:50:53.0,7.0
ABB24704908,2025-07-06 22:54:46.0,7.0
ABB24704908,2025-07-06 22:59:56.0,1.0
ABB24704908,2025-07-06 23:05:02.0,6.0
ABB24704908,2025-07-06 23:09:44.0,1.0
ABB24704908,2025-07-06 23:14:44.0,1.0
ABB24704908,2025-07-06 23:19:44.0,7.0
ABB24704908,2025-07-06 23:24:44.0,1.0
ABB24704908,2025-07-06 23:29:45.0,2.0
ABB24704908,2025-07-06 23:34:45.0,6.0
ABB24704908,2025-07-06 23:39:46.0,7.0
ABB24704908,2025-07-06 23:44:46.0,7.0
ABB24704908,2025-07-06 23:49:47.0,7.0
ABB24704908,2025-07-06 23:54:48.0,6.0
ABB24704908,2025-07-06 23:59:49.0,1.0
ABB24704908,2025-07-07 00:04:53.0,6.0
ABB24704908,2025-07-07 00:09:58.0,7.0
ABB24704908,2025-07-07 00:15:04.0,7.0
ABB24704908,2025-07-07 00:20:09.0,7.0
ABB24704908,2025-07-07 00:25:15.0,7.0
ABB24704908,2025-07-07 00:30:21.0,6.0
ABB24704908,2025-07-07 00:35:26.0,6.0
ABB24704908,2025-07-07 00:40:32.0,7.0
ABB24704908,2025-07-07 00:45:37.0,2.0
ABB24704908,2025-07-07 00:50:43.0,2.0
ABB24704908,2025-07-07 00:55:48.0,7.0
ABB24704908,2025-07-07 01:00:54.0,2.0
ABB24704908,2025-07-07 01:05:59.0,2.0
ABB24704908,2025-07-07 01:11:04.0,7.0
ABB24704908,2025-07-07 01:16:10.0,2.0
ABB24704908,2025-07-07 01:21:15.0,7.0
ABB24704908,2025-07-07 01:26:21.0,2.0
ABB24704908,2025-07-07 01:31:27.0,2.0
ABB24704908,2025-07-07 01:36:32.0,7.0
ABB24704908,2025-07-07 01:41:38.0,7.0
ABB24704908,2025-07-07 01:46:42.0,7.0
ABB24704908,2025-07-07 01:51:48.0,2.0
ABB24704908,2025-07-07 01:56:54.0,2.0
ABB24704908,2025-07-07 02:02:00.0,2.0
ABB24704908,2025-07-07 02:07:05.0,2.0
ABB24704908,2025-07-07 02:12:11.0,7.0
ABB24704908,2025-07-07 02:17:16.0,7.0
ABB24704908,2025-07-07 02:22:21.0,1.0
ABB24704908,2025-07-07 02:27:27.0,2.0
ABB24704908,2025-07-07 02:32:32.0,7.0
ABB24704908,2025-07-07 02:37:38.0,7.0
ABB24704908,2025-07-07 02:42:43.0,7.0
ABB24704908,2025-07-07 02:47:48.0,7.0
ABB24704908,2025-07-07 02:52:54.0,7.0
ABB24704908,2025-07-07 02:57:59.0,7.0
ABB24704908,2025-07-07 03:03:05.0,7.0
ABB24704908,2025-07-07 03:08:10.0,7.0
ABB24704908,2025-07-07 03:13:16.0,7.0
ABB24704908,2025-07-07 03:18:23.0,7.0
ABB24704908,2025-07-07 03:23:27.0,6.0
ABB24704908,2025-07-07 03:28:32.0,6.0
ABB24704908,2025-07-07 03:33:38.0,7.0
ABB24704908,2025-07-07 03:38:44.0,7.0
ABB24704908,2025-07-07 03:43:48.0,7.0
ABB24704908,2025-07-07 03:48:55.0,7.0
ABB24704908,2025-07-07 03:54:00.0,2.0
ABB24704908,2025-07-07 03:59:05.0,2.0
ABB24704908,2025-07-07 04:04:10.0,2.0
ABB24704908,2025-07-07 04:09:16.0,2.0
ABB24704908,2025-07-07 04:14:21.0,2.0
ABB24704908,2025-07-07 04:19:27.0,2.0
ABB24704908,2025-07-07 04:24:33.0,6.0
ABB24704908,2025-07-07 04:29:38.0,6.0
ABB24704908,2025-07-07 04:34:43.0,6.0
ABB24704908,2025-07-07 04:39:49.0,7.0
ABB24704908,2025-07-07 04:44:54.0,5.0
ABB24704908,2025-07-07 04:50:00.0,5.0
ABB24704908,2025-07-07 04:55:05.0,6.0
ABB24704908,2025-07-07 05:00:11.0,6.0
ABB24704908,2025-07-07 05:05:17.0,6.0
ABB24704908,2025-07-07 05:10:23.0,6.0
ABB24704908,2025-07-07 05:15:27.0,6.0
ABB24704908,2025-07-07 05:20:33.0,6.0
ABB24704908,2025-07-07 05:25:39.0,6.0
ABB24704908,2025-07-07 05:30:54.0,6.0
ABB24704908,2025-07-07 05:36:07.0,6.0
ABB24704908,2025-07-07 05:41:05.0,5.0
ABB24704908,2025-07-07 05:46:11.0,5.0
ABB24704908,2025-07-07 05:51:15.0,5.0
ABB24704908,2025-07-07 05:56:24.0,6.0
ABB24704908,2025-07-07 06:01:27.0,5.0
ABB24704908,2025-07-07 06:06:27.0,5.0
ABB24704908,2025-07-07 06:11:28.0,6.0
ABB24704908,2025-07-07 06:16:27.0,6.0
ABB24704908,2025-07-07 06:21:28.0,6.0
ABB24704908,2025-07-07 06:26:28.0,6.0
ABB24704908,2025-07-07 06:31:29.0,6.0
ABB24704908,2025-07-07 06:36:30.0,6.0
ABB24704908,2025-07-07 06:41:29.0,6.0
ABB24704908,2025-07-07 06:46:30.0,6.0
ABB24704908,2025-07-07 06:51:30.0,6.0
ABB24704908,2025-07-07 06:56:31.0,6.0
ABB24704908,2025-07-07 07:01:32.0,5.0
ABB24704908,2025-07-07 07:06:34.0,7.0
ABB24704908,2025-07-07 07:11:32.0,6.0
ABB24704908,2025-07-07 07:16:33.0,6.0
ABB24704908,2025-07-07 07:21:34.0,5.0
ABB24704908,2025-07-07 07:26:36.0,6.0
ABB24704908,2025-07-07 07:31:34.0,5.0
ABB24704908,2025-07-07 07:36:35.0,6.0
ABB24704908,2025-07-07 07:41:35.0,6.0
ABB24704908,2025-07-07 07:46:40.0,6.0
ABB24704908,2025-07-07 07:51:38.0,6.0
ABB24704908,2025-07-07 07:56:37.0,5.0
ABB24704908,2025-07-07 08:01:37.0,5.0
ABB24704908,2025-07-07 08:06:38.0,5.0
ABB24704908,2025-07-07 08:11:38.0,5.0
ABB24704908,2025-07-07 08:16:39.0,5.0
ABB24704908,2025-07-07 08:21:40.0,5.0
ABB24704908,2025-07-07 08:26:39.0,6.0
ABB24704908,2025-07-07 08:31:40.0,5.0
ABB24704908,2025-07-07 08:36:42.0,6.0
ABB24704908,2025-07-07 08:41:41.0,6.0
ABB24704908,2025-07-07 08:46:42.0,5.0
ABB24704908,2025-07-07 08:51:46.0,6.0
ABB24704908,2025-07-07 08:56:43.0,6.0
ABB24704908,2025-07-07 09:01:43.0,6.0
ABB24704908,2025-07-07 09:06:45.0,6.0
ABB24704908,2025-07-07 09:11:44.0,5.0
ABB24704908,2025-07-07 09:16:45.0,5.0
ABB24704908,2025-07-07 09:21:44.0,6.0
ABB24704908,2025-07-07 09:26:46.0,7.0
ABB24704908,2025-07-07 09:32:04.0,7.0
ABB24704908,2025-07-07 09:36:46.0,7.0
ABB24704908,2025-07-07 09:41:46.0,6.0
ABB24704908,2025-07-07 09:46:46.0,6.0
ABB24704908,2025-07-07 09:51:47.0,8.0
ABB24704908,2025-07-07 09:56:48.0,7.0
ABB24704908,2025-07-07 10:01:48.0,7.0
ABB24704908,2025-07-07 10:06:49.0,8.0
ABB24704908,2025-07-07 10:11:50.0,7.0
ABB24704908,2025-07-07 10:16:50.0,7.0
ABB24704908,2025-07-07 10:21:50.0,7.0
ABB24704908,2025-07-07 10:26:53.0,7.0
ABB24704908,2025-07-07 10:31:51.0,7.0
ABB24704908,2025-07-07 10:36:51.0,7.0
ABB24704908,2025-07-07 10:41:53.0,7.0
ABB24704908,2025-07-07 10:46:53.0,7.0
ABB24704908,2025-07-07 10:51:53.0,7.0
ABB24704908,2025-07-07 10:56:53.0,7.0
ABB24704908,2025-07-07 11:01:54.0,7.0
ABB24704908,2025-07-07 11:06:54.0,7.0
ABB24704908,2025-07-07 11:11:54.0,7.0
ABB24704908,2025-07-07 11:16:55.0,6.0
ABB24704908,2025-07-07 11:21:56.0,7.0
ABB24704908,2025-07-07 11:26:57.0,6.0
ABB24704908,2025-07-07 11:32:00.0,6.0
ABB24704908,2025-07-07 11:36:59.0,7.0
ABB24704908,2025-07-07 11:41:57.0,6.0
ABB24704908,2025-07-07 11:47:09.0,7.0
ABB24704908,2025-07-07 11:52:00.0,6.0
ABB24704908,2025-07-07 11:57:03.0,7.0
ABB24704908,2025-07-07 12:02:01.0,6.0
ABB24704908,2025-07-07 12:07:02.0,7.0
ABB24704908,2025-07-07 12:12:11.0,7.0
ABB24704908,2025-07-07 12:17:05.0,6.0
ABB24704908,2025-07-07 12:22:01.0,7.0
ABB24704908,2025-07-07 12:27:03.0,6.0
ABB24704908,2025-07-07 12:32:09.0,7.0
ABB24704908,2025-07-07 12:37:03.0,7.0
ABB24704908,2025-07-07 12:42:16.0,7.0
ABB24704908,2025-07-07 12:47:08.0,6.0
ABB24704908,2025-07-07 12:52:06.0,6.0
ABB24704908,2025-07-07 12:57:04.0,5.0
ABB24704908,2025-07-07 13:02:05.0,7.0
ABB24704908,2025-07-07 13:07:08.0,6.0
ABB24704908,2025-07-07 13:12:05.0,6.0
ABB24704908,2025-07-07 13:17:16.0,6.0
ABB24704908,2025-07-07 13:22:07.0,-4.0
ABB24704908,2025-07-07 13:27:08.0,7.0
ABB24704908,2025-07-07 13:37:09.0,6.0
ABB24704908,2025-07-07 13:42:19.0,5.0
ABB24704908,2025-07-07 13:47:18.0,6.0
ABB24704908,2025-07-07 13:52:29.0,6.0
ABB24704908,2025-07-07 13:57:19.0,6.0
ABB24704908,2025-07-07 14:02:21.0,6.0
ABB24704908,2025-07-07 14:07:21.0,6.0
ABB24704908,2025-07-07 14:12:22.0,5.0
ABB24704908,2025-07-07 14:17:22.0,6.0
ABB24704908,2025-07-07 14:22:25.0,7.0
ABB24704908,2025-07-07 14:27:31.0,7.0
ABB24704908,2025-07-07 14:32:24.0,6.0
ABB24704908,2025-07-07 14:37:25.0,6.0
ABB24704908,2025-07-07 14:42:24.0,6.0
ABB24704908,2025-07-07 14:47:26.0,0.0
ABB24704908,2025-07-07 14:52:34.0,5.0
ABB24704908,2025-07-07 14:57:31.0,6.0
ABB24704908,2025-07-07 15:02:26.0,7.0
ABB24704908,2025-07-07 15:07:34.0,6.0
ABB24704908,2025-07-07 15:12:29.0,6.0
ABB24704908,2025-07-07 15:17:33.0,6.0
ABB24704908,2025-07-07 15:22:31.0,5.0
ABB24704908,2025-07-07 15:27:34.0,5.0
ABB24704908,2025-07-07 15:32:49.0,5.0
ABB24704908,2025-07-07 15:37:42.0,6.0
ABB24704908,2025-07-07 15:42:39.0,6.0
ABB24704908,2025-07-07 15:47:44.0,5.0
ABB24704908,2025-07-07 15:52:34.0,5.0
ABB24704908,2025-07-07 15:57:54.0,6.0
ABB24704908,2025-07-07 16:02:44.0,6.0
ABB24704908,2025-07-07 16:28:02.0,3.0
ABB24704908,2025-07-07 16:33:15.0,6.0
ABB24704908,2025-07-07 16:46:51.0,5.0
ABB24704908,2025-07-07 16:48:00.0,6.0
ABB24704908,2025-07-07 16:53:10.0,5.0
ABB24704908,2025-07-07 17:00:33.0,5.0
ABB24704908,2025-07-07 17:03:12.0,5.0
ABB24704908,2025-07-07 17:08:18.0,6.0
ABB24704908,2025-07-07 17:13:15.0,6.0
ABB24704908,2025-07-07 17:19:49.0,6.0
ABB24704908,2025-07-07 17:23:03.0,6.0
ABB24704908,2025-07-07 17:29:37.0,6.0
ABB24704908,2025-07-07 17:33:30.0,6.0
ABB24704908,2025-07-07 17:38:14.0,5.0
ABB24704908,2025-07-07 17:43:35.0,-4.0
ABB24704908,2025-07-07 17:48:15.0,5.0
ABB24704908,2025-07-07 17:54:57.0,5.0
ABB24704908,2025-07-07 17:58:48.0,6.0
ABB24704908,2025-07-07 18:03:05.0,6.0
ABB24704908,2025-07-07 18:11:23.0,6.0
ABB24704908,2025-07-07 18:17:21.0,6.0
ABB24704908,2025-07-07 18:18:32.0,6.0
ABB24704908,2025-07-07 18:23:20.0,6.0
ABB24704908,2025-07-07 18:29:43.0,5.0
ABB24704908,2025-07-07 18:33:40.0,6.0
ABB24704908,2025-07-07 18:38:48.0,6.0
ABB24704908,2025-07-07 18:43:33.0,5.0
ABB24704908,2025-07-07 18:48:25.0,6.0
ABB24704908,2025-07-07 18:53:38.0,5.0
ABB24704908,2025-07-07 18:58:58.0,5.0
ABB24704908,2025-07-07 19:03:29.0,6.0
ABB24704908,2025-07-07 19:08:54.0,5.0
ABB24704908,2025-07-07 19:13:35.0,6.0
ABB24704908,2025-07-07 19:18:39.0,5.0
ABB24704908,2025-07-07 19:24:29.0,5.0
ABB24704908,2025-07-07 19:30:09.0,6.0
ABB24704908,2025-07-07 19:33:50.0,5.0
ABB24704908,2025-07-07 19:38:30.0,6.0
ABB24704908,2025-07-07 19:52:29.0,2.0
ABB24704908,2025-07-07 19:53:51.0,6.0
ABB24704908,2025-07-07 19:59:51.0,6.0
ABB24704908,2025-07-07 20:03:50.0,6.0
ABB24704908,2025-07-07 20:10:13.0,5.0
ABB24704908,2025-07-07 20:13:44.0,5.0
ABB24704908,2025-07-07 20:21:30.0,6.0
ABB24704908,2025-07-07 20:24:45.0,6.0
ABB24704908,2025-07-07 20:29:11.0,5.0
ABB24704908,2025-07-07 20:34:20.0,6.0
ABB24704908,2025-07-07 20:39:08.0,6.0
ABB24704908,2025-07-07 20:44:10.0,5.0
ABB24704908,2025-07-07 20:49:06.0,5.0
ABB24704908,2025-07-07 20:57:22.0,6.0
ABB24704908,2025-07-07 20:59:06.0,5.0
ABB24704908,2025-07-07 21:04:16.0,-3.0
ABB24704908,2025-07-07 21:12:18.0,5.0
ABB24704908,2025-07-07 21:16:23.0,-4.0
ABB24704908,2025-07-07 21:19:36.0,5.0
ABB24704908,2025-07-07 21:24:31.0,5.0
ABB24704908,2025-07-07 21:30:08.0,0.0
ABB24704908,2025-07-07 21:34:51.0,7.0
ABB24704908,2025-07-07 21:39:23.0,0.0
ABB24704908,2025-07-07 21:44:31.0,6.0
ABB24704908,2025-07-07 21:50:14.0,6.0
ABB24704908,2025-07-07 21:55:28.0,-4.0
ABB24704908,2025-07-07 22:04:27.0,6.0
ABB24704908,2025-07-07 22:09:49.0,-3.0
ABB24704908,2025-07-07 22:14:42.0,6.0
ABB24704908,2025-07-07 22:19:47.0,-4.0
ABB24704908,2025-07-07 22:24:42.0,6.0
ABB24704908,2025-07-07 22:30:19.0,7.0
ABB24704908,2025-07-07 22:35:30.0,6.0
ABB24704908,2025-07-07 22:39:49.0,7.0
ABB24704908,2025-07-07 22:45:12.0,6.0
ABB24704908,2025-07-07 22:50:21.0,6.0
ABB24704908,2025-07-07 22:55:28.0,6.0
ABB24704908,2025-07-07 22:59:59.0,1.0
ABB24704908,2025-07-07 23:05:14.0,6.0
ABB24704908,2025-07-07 23:09:58.0,6.0
ABB24704908,2025-07-07 23:14:51.0,1.0
ABB24704908,2025-07-07 23:20:00.0,1.0
ABB24704908,2025-07-07 23:24:52.0,7.0
ABB24704908,2025-07-07 23:29:53.0,0.0
ABB24704908,2025-07-07 23:34:54.0,6.0
ABB24704908,2025-07-07 23:39:54.0,0.0
ABB24704908,2025-07-07 23:44:54.0,7.0
ABB24704908,2025-07-07 23:50:15.0,7.0
ABB24704908,2025-07-07 23:54:55.0,6.0
ABB24704908,2025-07-07 23:59:56.0,7.0
ABB24704908,2025-07-08 00:05:00.0,7.0
ABB24704908,2025-07-08 00:10:06.0,8.0
ABB24704908,2025-07-08 00:15:11.0,7.0
ABB24704908,2025-07-08 00:20:17.0,6.0
ABB24704908,2025-07-08 00:25:23.0,7.0
ABB24704908,2025-07-08 00:30:28.0,7.0
ABB24704908,2025-07-08 00:35:34.0,0.0
ABB24704908,2025-07-08 00:40:39.0,7.0
ABB24704908,2025-07-08 00:45:45.0,1.0
ABB24704908,2025-07-08 00:50:50.0,7.0
ABB24704908,2025-07-08 00:55:55.0,7.0
ABB24704908,2025-07-08 01:01:00.0,7.0
ABB24704908,2025-07-08 01:06:04.0,7.0
ABB24704908,2025-07-08 01:11:10.0,7.0
ABB24704908,2025-07-08 01:16:16.0,7.0
ABB24704908,2025-07-08 01:21:22.0,7.0
ABB24704908,2025-07-08 01:26:27.0,8.0
ABB24704908,2025-07-08 01:31:33.0,7.0
ABB24704908,2025-07-08 01:36:38.0,7.0
ABB24704908,2025-07-08 01:41:45.0,7.0
ABB24704908,2025-07-08 01:46:49.0,7.0
ABB24704908,2025-07-08 01:51:55.0,7.0
ABB24704908,2025-07-08 01:57:01.0,1.0
ABB24704908,2025-07-08 02:02:05.0,8.0
ABB24704908,2025-07-08 02:07:11.0,7.0
ABB24704908,2025-07-08 02:12:17.0,7.0
ABB24704908,2025-07-08 02:17:22.0,2.0
ABB24704908,2025-07-08 02:22:28.0,7.0
ABB24704908,2025-07-08 02:27:33.0,8.0
ABB24704908,2025-07-08 02:32:39.0,7.0
ABB24704908,2025-07-08 02:37:44.0,8.0
ABB24704908,2025-07-08 02:43:46.0,-4.0
ABB24704908,2025-07-08 02:47:56.0,7.0
ABB24704908,2025-07-08 02:53:01.0,1.0
ABB24704908,2025-07-08 02:58:06.0,1.0
ABB24704908,2025-07-08 03:03:12.0,2.0
ABB24704908,2025-07-08 03:08:17.0,7.0
ABB24704908,2025-07-08 03:13:23.0,7.0
ABB24704908,2025-07-08 03:18:28.0,1.0
ABB24704908,2025-07-08 03:23:34.0,1.0
ABB24704908,2025-07-08 03:28:40.0,1.0
ABB24704908,2025-07-08 03:33:45.0,2.0
ABB24704908,2025-07-08 03:38:51.0,1.0
ABB24704908,2025-07-08 03:43:57.0,7.0
ABB24704908,2025-07-08 03:49:02.0,2.0
ABB24704908,2025-07-08 03:54:07.0,1.0
ABB24704908,2025-07-08 03:59:12.0,2.0
ABB24704908,2025-07-08 04:04:18.0,7.0
ABB24704908,2025-07-08 04:09:23.0,2.0
ABB24704908,2025-07-08 04:14:29.0,1.0
ABB24704908,2025-07-08 04:19:35.0,7.0
ABB24704908,2025-07-08 04:24:39.0,7.0
ABB24704908,2025-07-08 04:29:46.0,2.0
ABB24704908,2025-07-08 04:39:57.0,1.0
ABB24704908,2025-07-08 04:45:02.0,0.0
ABB24704908,2025-07-08 04:50:08.0,2.0
ABB24704908,2025-07-08 04:55:13.0,2.0
ABB24704908,2025-07-08 05:00:19.0,7.0
ABB24704908,2025-07-08 05:05:26.0,2.0
ABB24704908,2025-07-08 05:10:30.0,1.0
ABB24704908,2025-07-08 05:15:36.0,2.0
ABB24704908,2025-07-08 05:20:49.0,2.0
ABB24704908,2025-07-08 05:26:07.0,2.0
ABB24704908,2025-07-08 05:30:56.0,2.0
ABB24704908,2025-07-08 05:36:08.0,2.0
ABB24704908,2025-07-08 05:41:09.0,7.0
ABB24704908,2025-07-08 05:46:12.0,7.0
ABB24704908,2025-07-08 05:51:17.0,7.0
ABB24704908,2025-07-08 05:56:22.0,2.0
ABB24704908,2025-07-08 06:01:23.0,2.0
ABB24704908,2025-07-08 06:06:23.0,2.0
ABB24704908,2025-07-08 06:11:24.0,2.0
ABB24704908,2025-07-08 06:16:24.0,7.0
ABB24704908,2025-07-08 06:21:25.0,2.0
ABB24704908,2025-07-08 06:26:26.0,2.0
ABB24704908,2025-07-08 06:31:26.0,7.0
ABB24704908,2025-07-08 06:36:38.0,7.0
ABB24704908,2025-07-08 06:41:36.0,7.0
ABB24704908,2025-07-08 06:46:36.0,7.0
ABB24704908,2025-07-08 06:51:36.0,7.0
ABB24704908,2025-07-08 06:56:36.0,7.0
ABB24704908,2025-07-08 07:01:38.0,1.0
ABB24704908,2025-07-08 07:06:38.0,1.0
ABB24704908,2025-07-08 07:11:38.0,7.0
ABB24704908,2025-07-08 07:16:40.0,-2.0
ABB24704908,2025-07-08 07:21:40.0,-3.0
ABB24704908,2025-07-08 07:26:40.0,-4.0
ABB24704908,2025-07-08 07:31:41.0,7.0
ABB24704908,2025-07-08 07:36:41.0,7.0
ABB24704908,2025-07-08 07:41:42.0,7.0
ABB24704908,2025-07-08 07:46:42.0,7.0
ABB24704908,2025-07-08 07:51:42.0,7.0
ABB24704908,2025-07-08 07:56:43.0,8.0
ABB24704908,2025-07-08 08:01:52.0,7.0
ABB24704908,2025-07-08 08:06:44.0,8.0
ABB24704908,2025-07-08 08:11:44.0,8.0
ABB24704908,2025-07-08 08:16:46.0,7.0
ABB24704908,2025-07-08 08:21:45.0,8.0
ABB24704908,2025-07-08 08:26:45.0,7.0
ABB24704908,2025-07-08 08:31:49.0,7.0
ABB24704908,2025-07-08 08:36:47.0,8.0
ABB24704908,2025-07-08 08:41:51.0,0.0
ABB24704908,2025-07-08 08:46:48.0,8.0
ABB24704908,2025-07-08 08:51:48.0,7.0
ABB24704908,2025-07-08 08:56:50.0,-3.0
ABB24704908,2025-07-08 09:01:50.0,8.0
ABB24704908,2025-07-08 09:06:51.0,-1.0
ABB24704908,2025-07-08 09:11:50.0,7.0
ABB24704908,2025-07-08 09:16:51.0,-3.0
ABB24704908,2025-07-08 09:21:50.0,7.0
ABB24704908,2025-07-08 09:26:50.0,8.0
ABB24704908,2025-07-08 09:31:51.0,8.0
ABB24704908,2025-07-08 09:36:51.0,7.0
ABB24704908,2025-07-08 09:41:52.0,8.0
ABB24704908,2025-07-08 09:46:53.0,-3.0
ABB24704908,2025-07-08 09:52:03.0,-2.0
ABB24704908,2025-07-08 09:56:54.0,-3.0
ABB24704908,2025-07-08 10:01:55.0,-3.0
ABB24704908,2025-07-08 10:06:54.0,7.0
ABB24704908,2025-07-08 10:11:55.0,6.0
ABB24704908,2025-07-08 10:16:56.0,8.0
ABB24704908,2025-07-08 10:21:57.0,-3.0
ABB24704908,2025-07-08 10:26:57.0,1.0
ABB24704908,2025-07-08 10:31:58.0,7.0
ABB24704908,2025-07-08 10:36:59.0,7.0
ABB24704908,2025-07-08 10:42:11.0,8.0
ABB24704908,2025-07-08 10:46:59.0,7.0
ABB24704908,2025-07-08 10:51:59.0,8.0
ABB24704908,2025-07-08 10:57:03.0,-5.0
ABB24704908,2025-07-08 11:02:02.0,8.0
ABB24704908,2025-07-08 11:07:06.0,8.0
ABB24704908,2025-07-08 11:12:04.0,-4.0
ABB24704908,2025-07-08 11:17:13.0,7.0
ABB24704908,2025-07-08 11:22:18.0,7.0
ABB24704908,2025-07-08 11:27:14.0,7.0
ABB24704908,2025-07-08 11:32:14.0,8.0
ABB24704908,2025-07-08 11:37:15.0,6.0
ABB24704908,2025-07-08 11:42:15.0,7.0
ABB24704908,2025-07-08 11:47:16.0,6.0
ABB24704908,2025-07-08 11:52:27.0,8.0
ABB24704908,2025-07-08 11:57:16.0,7.0
ABB24704908,2025-07-08 12:02:18.0,7.0
ABB24704908,2025-07-08 12:07:22.0,6.0
ABB24704908,2025-07-08 12:12:26.0,8.0
ABB24704908,2025-07-08 12:17:22.0,7.0
ABB24704908,2025-07-08 12:22:19.0,7.0
ABB24704908,2025-07-08 12:27:40.0,8.0
ABB24704908,2025-07-08 12:32:31.0,7.0
ABB24704908,2025-07-08 12:37:38.0,7.0
ABB24704908,2025-07-08 12:42:37.0,6.0
ABB24704908,2025-07-08 12:47:32.0,7.0
ABB24704908,2025-07-08 12:52:52.0,6.0
ABB24704908,2025-07-08 12:57:46.0,7.0
ABB24704908,2025-07-08 13:02:42.0,7.0
ABB24704908,2025-07-08 13:07:48.0,6.0
ABB24704908,2025-07-08 13:12:52.0,6.0
ABB24704908,2025-07-08 13:17:38.0,7.0
ABB24704908,2025-07-08 13:22:45.0,7.0
ABB24704908,2025-07-08 13:27:46.0,6.0
ABB24704908,2025-07-08 13:32:39.0,6.0
ABB24704908,2025-07-08 13:37:42.0,6.0
ABB24704908,2025-07-08 13:42:39.0,6.0
ABB24704908,2025-07-08 13:47:43.0,2.0
ABB24704908,2025-07-08 13:52:39.0,6.0
ABB24704908,2025-07-08 13:57:50.0,6.0
ABB24704908,2025-07-08 14:02:41.0,6.0
ABB24704908,2025-07-08 14:07:48.0,7.0
ABB24704908,2025-07-08 14:12:42.0,6.0
ABB24704908,2025-07-08 14:17:43.0,1.0
ABB24704908,2025-07-08 14:22:50.0,6.0
ABB24704908,2025-07-08 14:27:47.0,1.0
ABB24704908,2025-07-08 14:32:53.0,6.0
ABB24704908,2025-07-08 14:38:11.0,6.0
ABB24704908,2025-07-08 14:42:48.0,6.0
ABB24704908,2025-07-08 14:48:09.0,5.0
ABB24704908,2025-07-08 14:53:16.0,5.0
ABB24704908,2025-07-08 14:58:17.0,6.0
ABB24704908,2025-07-08 15:02:58.0,6.0
ABB24704908,2025-07-08 15:08:33.0,6.0
ABB24704908,2025-07-08 15:13:02.0,5.0
ABB24704908,2025-07-08 15:18:19.0,5.0
ABB24704908,2025-07-08 15:23:13.0,6.0
ABB24704908,2025-07-08 15:28:22.0,6.0
ABB24704908,2025-07-08 15:33:34.0,5.0
ABB24704908,2025-07-08 15:38:04.0,5.0
ABB24704908,2025-07-08 15:44:55.0,5.0
ABB24704908,2025-07-08 15:48:23.0,5.0
ABB24704908,2025-07-08 15:53:04.0,5.0
ABB24704908,2025-07-08 15:58:22.0,5.0
ABB24704908,2025-07-08 16:03:06.0,5.0
ABB24704908,2025-07-08 16:28:22.0,2.0
ABB24704908,2025-07-08 16:34:57.0,-3.0
ABB24704908,2025-07-08 16:38:16.0,6.0
ABB24704908,2025-07-08 16:43:18.0,6.0
ABB24704908,2025-07-08 16:48:18.0,2.0
ABB24704908,2025-07-08 16:53:47.0,5.0
ABB24704908,2025-07-08 16:58:39.0,5.0
ABB24704908,2025-07-08 17:03:25.0,2.0
ABB24704908,2025-07-08 17:08:37.0,2.0
ABB24704908,2025-07-08 17:15:27.0,4.0
ABB24704908,2025-07-08 17:18:39.0,5.0
ABB24704908,2025-07-08 17:23:46.0,4.0
ABB24704908,2025-07-08 17:31:28.0,5.0
ABB24704908,2025-07-08 17:40:22.0,5.0
ABB24704908,2025-07-08 17:40:51.0,6.0
ABB24704908,2025-07-08 17:46:35.0,2.0
ABB24704908,2025-07-08 17:54:02.0,5.0
ABB24704908,2025-07-08 17:54:43.0,1.0
ABB24704908,2025-07-08 17:58:59.0,6.0
ABB24704908,2025-07-08 18:03:53.0,6.0
ABB24704908,2025-07-08 18:21:31.0,4.0
ABB24704908,2025-07-08 18:23:26.0,5.0
ABB24704908,2025-07-08 18:25:01.0,5.0
ABB24704908,2025-07-08 18:25:52.0,6.0
ABB24704908,2025-07-08 18:41:37.0,7.0
ABB24704908,2025-07-08 18:45:02.0,8.0
ABB24704908,2025-07-08 18:46:52.0,7.0
ABB24704908,2025-07-08 18:48:24.0,8.0
ABB24704908,2025-07-08 18:53:36.0,6.0
ABB24704908,2025-07-08 19:00:01.0,7.0
ABB24704908,2025-07-08 19:04:09.0,7.0
ABB24704908,2025-07-08 19:08:50.0,7.0
ABB24704908,2025-07-08 19:16:48.0,6.0
ABB24704908,2025-07-08 19:19:22.0,6.0
ABB24704908,2025-07-08 19:24:42.0,6.0
ABB24704908,2025-07-08 19:28:38.0,7.0
ABB24704908,2025-07-08 19:35:20.0,8.0
ABB24704908,2025-07-08 19:39:09.0,6.0
ABB24704908,2025-07-08 19:45:32.0,8.0
ABB24704908,2025-07-08 19:50:12.0,8.0
ABB24704908,2025-07-08 19:54:16.0,7.0
ABB24704908,2025-07-08 20:07:31.0,7.0
ABB24704908,2025-07-08 20:08:35.0,8.0
ABB24704908,2025-07-08 20:09:40.0,8.0
ABB24704908,2025-07-08 20:15:08.0,7.0
ABB24704908,2025-07-08 20:20:05.0,8.0
ABB24704908,2025-07-08 20:24:30.0,7.0
ABB24704908,2025-07-08 20:29:34.0,7.0
ABB24704908,2025-07-08 20:34:41.0,9.0
ABB24704908,2025-07-08 20:39:43.0,8.0
ABB24704908,2025-07-08 20:44:35.0,8.0
ABB24704908,2025-07-08 20:50:00.0,7.0
ABB24704908,2025-07-08 20:55:19.0,8.0
ABB24704908,2025-07-08 21:02:48.0,6.0
ABB24704908,2025-07-08 21:05:05.0,6.0
ABB24704908,2025-07-08 21:18:32.0,4.0
ABB24704908,2025-07-08 21:23:42.0,4.0
ABB24704908,2025-07-08 21:30:22.0,4.0
ABB24704908,2025-07-08 21:34:20.0,5.0
ABB24704908,2025-07-08 21:38:20.0,4.0
ABB24704908,2025-07-08 21:43:27.0,4.0
ABB24704908,2025-07-08 21:48:48.0,4.0
ABB24704908,2025-07-08 21:53:01.0,4.0
ABB24704908,2025-07-08 21:58:11.0,4.0
ABB24704908,2025-07-08 22:04:05.0,5.0
ABB24704908,2025-07-08 22:08:40.0,4.0
ABB24704908,2025-07-08 22:15:18.0,4.0
ABB24704908,2025-07-08 22:18:18.0,4.0
ABB24704908,2025-07-08 22:30:53.0,5.0
ABB24704908,2025-07-08 22:32:16.0,5.0
ABB24704908,2025-07-08 22:33:22.0,5.0
ABB24704908,2025-07-08 22:38:32.0,5.0
ABB24704908,2025-07-08 22:43:37.0,5.0
ABB24704908,2025-07-08 22:48:30.0,5.0
ABB24704908,2025-07-08 22:54:37.0,5.0
ABB24704908,2025-07-08 22:58:38.0,5.0
ABB24704908,2025-07-08 23:06:02.0,5.0
ABB24704908,2025-07-08 23:08:45.0,6.0
ABB24704908,2025-07-08 23:13:46.0,5.0
ABB24704908,2025-07-08 23:18:47.0,5.0
ABB24704908,2025-07-08 23:34:04.0,4.0
ABB24704908,2025-07-08 23:34:21.0,5.0
ABB24704908,2025-07-08 23:38:48.0,6.0
ABB24704908,2025-07-09 00:04:33.0,6.0
ABB24704908,2025-07-09 00:09:05.0,6.0
ABB24704908,2025-07-09 00:14:11.0,6.0
ABB24704908,2025-07-09 00:19:17.0,6.0
ABB24704908,2025-07-09 00:24:22.0,6.0
ABB24704908,2025-07-09 00:29:28.0,6.0
ABB24704908,2025-07-09 00:34:33.0,5.0
ABB24704908,2025-07-09 00:39:39.0,6.0
ABB24704908,2025-07-09 00:44:43.0,6.0
ABB24704908,2025-07-09 00:49:50.0,6.0
ABB24704908,2025-07-09 00:54:56.0,6.0
ABB24704908,2025-07-09 00:59:59.0,6.0
ABB24704908,2025-07-09 01:05:05.0,5.0
ABB24704908,2025-07-09 01:10:10.0,6.0
ABB24704908,2025-07-09 01:15:16.0,6.0
ABB24704908,2025-07-09 01:20:21.0,6.0
ABB24704908,2025-07-09 01:25:27.0,4.0
ABB24704908,2025-07-09 01:30:32.0,6.0
ABB24704908,2025-07-09 01:35:38.0,5.0
ABB24704908,2025-07-09 01:40:44.0,6.0
ABB24704908,2025-07-09 01:45:49.0,6.0
ABB24704908,2025-07-09 01:50:55.0,5.0
ABB24704908,2025-07-09 01:56:00.0,6.0
ABB24704908,2025-07-09 02:01:05.0,5.0
ABB24704908,2025-07-09 02:06:12.0,5.0
ABB24704908,2025-07-09 02:11:17.0,5.0
ABB24704908,2025-07-09 02:16:21.0,6.0
ABB24704908,2025-07-09 02:21:27.0,6.0
ABB24704908,2025-07-09 02:26:32.0,6.0
ABB24704908,2025-07-09 02:32:23.0,6.0
ABB24704908,2025-07-09 02:36:43.0,6.0
ABB24704908,2025-07-09 02:41:49.0,6.0
ABB24704908,2025-07-09 02:46:55.0,6.0
ABB24704908,2025-07-09 02:52:00.0,6.0
ABB24704908,2025-07-09 02:57:05.0,6.0
ABB24704908,2025-07-09 03:02:11.0,6.0
ABB24704908,2025-07-09 03:07:17.0,6.0
ABB24704908,2025-07-09 03:12:22.0,6.0
ABB24704908,2025-07-09 03:17:26.0,6.0
ABB24704908,2025-07-09 03:22:32.0,7.0
ABB24704908,2025-07-09 03:27:37.0,5.0
ABB24704908,2025-07-09 03:37:49.0,6.0
ABB24704908,2025-07-09 03:42:53.0,6.0
ABB24704908,2025-07-09 03:47:59.0,6.0
ABB24704908,2025-07-09 03:53:04.0,7.0
ABB24704908,2025-07-09 03:58:10.0,6.0
ABB24704908,2025-07-09 04:03:16.0,6.0
ABB24704908,2025-07-09 04:08:22.0,6.0
ABB24704908,2025-07-09 04:13:27.0,6.0
ABB24704908,2025-07-09 04:18:32.0,6.0
ABB24704908,2025-07-09 04:23:37.0,6.0
ABB24704908,2025-07-09 04:28:43.0,6.0
ABB24704908,2025-07-09 04:33:48.0,6.0
ABB24704908,2025-07-09 04:38:53.0,6.0
ABB24704908,2025-07-09 04:43:59.0,6.0
ABB24704908,2025-07-09 04:49:05.0,5.0
ABB24704908,2025-07-09 04:54:11.0,6.0
ABB24704908,2025-07-09 04:59:16.0,5.0
ABB24704908,2025-07-09 05:04:40.0,6.0
ABB24704908,2025-07-09 05:09:27.0,7.0
ABB24704908,2025-07-09 05:14:46.0,6.0
ABB24704908,2025-07-09 05:19:43.0,6.0
ABB24704908,2025-07-09 05:24:47.0,6.0
ABB24704908,2025-07-09 05:30:00.0,6.0
ABB24704908,2025-07-09 05:35:13.0,6.0
ABB24704908,2025-07-09 05:40:10.0,6.0
ABB24704908,2025-07-09 05:45:15.0,5.0
ABB24704908,2025-07-09 05:50:20.0,5.0
ABB24704908,2025-07-09 05:55:27.0,6.0
ABB24704908,2025-07-09 06:00:31.0,6.0
ABB24704908,2025-07-09 06:05:31.0,6.0
ABB24704908,2025-07-09 06:10:31.0,6.0
ABB24704908,2025-07-09 06:15:32.0,6.0
ABB24704908,2025-07-09 06:20:33.0,6.0
ABB24704908,2025-07-09 06:25:33.0,6.0
ABB24704908,2025-07-09 06:30:33.0,5.0
ABB24704908,2025-07-09 06:35:34.0,6.0
ABB24704908,2025-07-09 06:40:34.0,7.0
ABB24704908,2025-07-09 06:45:35.0,6.0
ABB24704908,2025-07-09 06:50:36.0,6.0
ABB24704908,2025-07-09 06:55:35.0,5.0
ABB24704908,2025-07-09 07:00:36.0,6.0
ABB24704908,2025-07-09 07:05:38.0,6.0
ABB24704908,2025-07-09 07:10:37.0,6.0
ABB24704908,2025-07-09 07:15:37.0,6.0
ABB24704908,2025-07-09 07:20:38.0,6.0
ABB24704908,2025-07-09 07:25:39.0,6.0
ABB24704908,2025-07-09 07:30:39.0,6.0
ABB24704908,2025-07-09 07:35:48.0,6.0
ABB24704908,2025-07-09 07:40:41.0,7.0
ABB24704908,2025-07-09 07:45:41.0,5.0
ABB24704908,2025-07-09 07:50:41.0,7.0
ABB24704908,2025-07-09 07:55:42.0,7.0
ABB24704908,2025-07-09 08:00:42.0,5.0
ABB24704908,2025-07-09 08:05:43.0,6.0
ABB24704908,2025-07-09 08:10:44.0,5.0
ABB24704908,2025-07-09 08:15:45.0,6.0
ABB24704908,2025-07-09 08:20:45.0,5.0
ABB24704908,2025-07-09 08:25:46.0,6.0
ABB24704908,2025-07-09 08:30:44.0,6.0
ABB24704908,2025-07-09 08:35:50.0,6.0
ABB24704908,2025-07-09 08:40:48.0,6.0
ABB24704908,2025-07-09 08:46:28.0,6.0
ABB24704908,2025-07-09 08:51:00.0,6.0
ABB24704908,2025-07-09 08:55:53.0,6.0
ABB24704908,2025-07-09 09:01:57.0,6.0
ABB24704908,2025-07-09 09:06:11.0,5.0
ABB24704908,2025-07-09 09:11:20.0,5.0
ABB24704908,2025-07-09 09:16:12.0,6.0
ABB24704908,2025-07-09 09:22:33.0,6.0
ABB24704908,2025-07-09 09:26:20.0,5.0
ABB24704908,2025-07-09 09:31:17.0,6.0
ABB24704908,2025-07-09 09:37:42.0,5.0
ABB24704908,2025-07-09 09:41:36.0,5.0
ABB24704908,2025-07-09 09:46:17.0,5.0
ABB24704908,2025-07-09 09:51:28.0,5.0
ABB24704908,2025-07-09 09:56:56.0,6.0
ABB24704908,2025-07-09 10:01:22.0,6.0
ABB24704908,2025-07-09 10:11:09.0,5.0
ABB24704908,2025-07-09 10:16:31.0,4.0
ABB24704908,2025-07-09 10:21:24.0,5.0
ABB24704908,2025-07-09 10:30:21.0,5.0
ABB24704908,2025-07-09 10:31:47.0,5.0
ABB24704908,2025-07-09 10:36:30.0,6.0
ABB24704908,2025-07-09 10:41:39.0,5.0
ABB24704908,2025-07-09 10:46:54.0,6.0
ABB24704908,2025-07-09 10:51:46.0,6.0
ABB24704908,2025-07-09 11:01:28.0,7.0
ABB24704908,2025-07-09 11:05:43.0,6.0
ABB24704908,2025-07-09 11:14:04.0,5.0
ABB24704908,2025-07-09 11:18:35.0,6.0
ABB24704908,2025-07-09 11:23:36.0,5.0
ABB24704908,2025-07-09 11:28:40.0,5.0
ABB24704908,2025-07-09 11:33:57.0,6.0
ABB24704908,2025-07-09 11:38:56.0,5.0
ABB24704908,2025-07-09 11:44:15.0,7.0
ABB24704908,2025-07-09 11:49:08.0,6.0
ABB24704908,2025-07-09 12:18:33.0,5.0
ABB24704908,2025-07-09 12:23:39.0,4.0
ABB24704908,2025-07-09 12:29:07.0,5.0
ABB24704908,2025-07-09 12:34:13.0,4.0
ABB24704908,2025-07-09 12:38:47.0,3.0
ABB24704908,2025-07-09 12:43:46.0,4.0
ABB24704908,2025-07-09 12:48:58.0,4.0
ABB24704908,2025-07-09 12:54:46.0,4.0
ABB24704908,2025-07-09 12:59:00.0,4.0
ABB24704908,2025-07-09 13:04:20.0,5.0
ABB24704908,2025-07-09 13:09:46.0,6.0
ABB24704908,2025-07-09 13:14:16.0,3.0
ABB24704908,2025-07-09 13:19:42.0,4.0
ABB24704908,2025-07-09 13:23:56.0,4.0
ABB24704908,2025-07-09 13:29:25.0,-2.0
ABB24704908,2025-07-09 13:36:40.0,5.0
ABB24704908,2025-07-09 13:43:44.0,4.0
ABB24704908,2025-07-09 13:45:56.0,4.0
ABB24704908,2025-07-09 13:50:08.0,-2.0
ABB24704908,2025-07-09 13:59:37.0,4.0
ABB24704908,2025-07-09 14:00:06.0,3.0
ABB24704908,2025-07-09 14:06:23.0,5.0
ABB24704908,2025-07-09 14:09:19.0,4.0
ABB24704908,2025-07-09 14:13:57.0,4.0
ABB24704908,2025-07-09 14:19:10.0,5.0
ABB24704908,2025-07-09 14:24:25.0,5.0
ABB24704908,2025-07-09 14:29:45.0,-2.0
ABB24704908,2025-07-09 14:34:10.0,4.0
ABB24704908,2025-07-09 14:41:56.0,4.0
ABB24704908,2025-07-09 14:45:40.0,5.0
ABB24704908,2025-07-09 14:49:45.0,5.0
ABB24704908,2025-07-09 14:54:49.0,-2.0
ABB24704908,2025-07-09 14:59:24.0,4.0
ABB24704908,2025-07-09 15:04:30.0,-3.0
ABB24704908,2025-07-09 15:09:55.0,4.0
ABB24704908,2025-07-09 15:14:44.0,4.0
ABB24704908,2025-07-09 15:19:37.0,4.0
ABB24704908,2025-07-09 15:26:04.0,4.0
ABB24704908,2025-07-09 15:30:42.0,-3.0
ABB24704908,2025-07-09 15:36:29.0,4.0
ABB24704908,2025-07-09 15:39:50.0,4.0
ABB24704908,2025-07-09 15:45:41.0,-2.0
ABB24704908,2025-07-09 15:51:54.0,4.0
ABB24704908,2025-07-09 15:55:08.0,3.0
ABB24704908,2025-07-09 16:00:11.0,5.0
ABB24704908,2025-07-09 16:05:14.0,-2.0
ABB24704908,2025-07-09 16:25:07.0,-3.0
ABB24704908,2025-07-09 16:30:50.0,5.0
ABB24704908,2025-07-09 16:42:04.0,4.0
ABB24704908,2025-07-09 16:43:45.0,-1.0
ABB24704908,2025-07-09 16:45:46.0,3.0
ABB24704908,2025-07-09 16:51:40.0,-3.0
ABB24704908,2025-07-09 16:55:23.0,-3.0
ABB24704908,2025-07-09 17:00:05.0,-3.0
ABB24704908,2025-07-09 17:06:05.0,3.0
ABB24704908,2025-07-09 17:10:34.0,5.0
ABB24704908,2025-07-09 17:15:29.0,-3.0
ABB24704908,2025-07-09 17:26:51.0,3.0
ABB24704908,2025-07-09 17:27:32.0,-2.0
ABB24704908,2025-07-09 17:31:05.0,0.0
ABB24704908,2025-07-09 17:39:33.0,4.0
ABB24704908,2025-07-09 17:41:25.0,-4.0
ABB24704908,2025-07-09 17:45:56.0,-3.0
ABB24704908,2025-07-09 17:52:06.0,-3.0
ABB24704908,2025-07-09 17:56:55.0,7.0
ABB24704908,2025-07-09 18:00:37.0,7.0
ABB24704908,2025-07-09 18:07:42.0,6.0
ABB24704908,2025-07-09 18:12:12.0,7.0
ABB24704908,2025-07-09 18:15:44.0,6.0
ABB24704908,2025-07-09 18:24:14.0,7.0
ABB24704908,2025-07-09 18:26:08.0,7.0
ABB24704908,2025-07-09 18:31:14.0,7.0
ABB24704908,2025-07-09 18:36:25.0,7.0
ABB24704908,2025-07-09 18:41:11.0,7.0
ABB24704908,2025-07-09 18:47:01.0,5.0
ABB24704908,2025-07-09 18:51:12.0,6.0
ABB24704908,2025-07-09 18:56:55.0,5.0
ABB24704908,2025-07-09 19:01:14.0,6.0
ABB24704908,2025-07-09 19:07:50.0,6.0
ABB24704908,2025-07-09 19:13:39.0,6.0
ABB24704908,2025-07-09 19:16:27.0,6.0
ABB24704908,2025-07-09 19:21:06.0,7.0
ABB24704908,2025-07-09 19:26:27.0,7.0
ABB24704908,2025-07-09 19:31:24.0,6.0
ABB24704908,2025-07-09 19:36:15.0,7.0
ABB24704908,2025-07-09 19:41:15.0,6.0
ABB24704908,2025-07-09 19:46:07.0,6.0
ABB24704908,2025-07-09 19:51:18.0,6.0
ABB24704908,2025-07-09 19:56:10.0,6.0
ABB24704908,2025-07-09 20:01:10.0,7.0
ABB24704908,2025-07-09 20:06:33.0,6.0
ABB24704908,2025-07-09 20:11:55.0,5.0
ABB24704908,2025-07-09 20:16:15.0,6.0
ABB24704908,2025-07-09 20:27:00.0,6.0
ABB24704908,2025-07-09 20:27:26.0,6.0
ABB24704908,2025-07-09 20:31:42.0,7.0
